Workbook

Sheet PDF정보
A1: 코드 | B1: 273130 | O1: 코드 | P1: 363570 | AC1: 코드 | AD1: 439870 | AQ1: 코드 | AR1: 438570 | BE1: 코드 | BF1: 438560 | BS1: 코드 | BT1: 436140 | CG1: 코드 | CH1: 469830 | CU1: 코드 | CV1: 0016X0 | DI1: 코드 | DJ1: 385540 | DW1: 코드 | DX1: 0141T0 | EK1: 코드 | EL1: 438330
A2: 조회건수 | B2: 1000 | O2: 조회건수 | P2: 1000 | AC2: 조회건수 | AD2: 1000 | AQ2: 조회건수 | AR2: 1000 | BE2: 조회건수 | BF2: 1000 | BS2: 조회건수 | BT2: 1000 | CG2: 조회건수 | CH2: 1000 | CU2: 조회건수 | CV2: 1000 | DI2: 조회건수 | DJ2: 1000 | DW2: 조회건수 | DX2: 1000 | EK2: 조회건수 | EL2: 1000
A3: 일자 | B3: =TODAY() -> 46316 | O3: 일자 | P3: =TODAY() -> 46316 | AC3: 일자 | AD3: =TODAY() -> 46316 | AQ3: 일자 | AR3: =TODAY() -> 46316 | BE3: 일자 | BF3: =TODAY() -> 46316 | BS3: 일자 | BT3: =TODAY() -> 46316 | CG3: 일자 | CH3: =TODAY() -> 46316 | CU3: 일자 | CV3: =TODAY() -> 46316 | DI3: 일자 | DJ3: =TODAY() -> 46316 | DW3: 일자 | DX3: =TODAY() -> 46316 | EK3: 일자 | EL3: =TODAY() -> 46316
A4: 조회기준 | B4: - | O4: 조회기준 | P4: - | AC4: 조회기준 | AD4: - | AQ4: 조회기준 | AR4: - | BE4: 조회기준 | BF4: - | BS4: 조회기준 | BT4: - | CG4: 조회기준 | CH4: - | CU4: 조회기준 | CV4: - | DI4: 조회기준 | DJ4: - | DW4: 조회기준 | DX4: - | EK4: 조회기준 | EL4: -
A5: 정렬기준 | B5: ETF비중 | O5: 정렬기준 | P5: ETF비중 | AC5: 정렬기준 | AD5: ETF비중 | AQ5: 정렬기준 | AR5: ETF비중 | BE5: 정렬기준 | BF5: ETF비중 | BS5: 정렬기준 | BT5: ETF비중 | CG5: 정렬기준 | CH5: ETF비중 | CU5: 정렬기준 | CV5: ETF비중 | DI5: 정렬기준 | DJ5: ETF비중 | DW5: 정렬기준 | DX5: ETF비중 | EK5: 정렬기준 | EL5: ETF비중
A6: 정렬 | B6: D | O6: 정렬 | P6: D | AC6: 정렬 | AD6: D | AQ6: 정렬 | AR6: D | BE6: 정렬 | BF6: D | BS6: 정렬 | BT6: D | CG6: 정렬 | CH6: D | CU6: 정렬 | CV6: D | DI6: 정렬 | DJ6: D | DW6: 정렬 | DX6: D | EK6: 정렬 | EL6: D
A7: =_xll.IMDT("ETP구성",B1,A8:J8,B2,B3,B4,B5,"sort="&B6&",DtFmt=1,TmFmt=1,Pos=20,Orient=V,Title=KODEX 종합채권(AA-이상)액티브") -> KODEX 종합채권(AA-이상)액티브 | O7: =_xll.IMDT("ETP구성",P1,O8:X8,P2,P3,P4,P5,"sort="&P6&",DtFmt=1,TmFmt=1,Pos=20,Orient=V,Title=KODEX 장기종합채권(AA-이상)액티브") -> KODEX 장기종합채권(AA-이상)액티브 | AC7: =_xll.IMDT("ETP구성",AD1,AC8:AL8,AD2,AD3,AD4,AD5,"sort="&AD6&",DtFmt=1,TmFmt=1,Pos=20,Orient=V,Title=KODEX 국고채30년액티브") -> KODEX 국고채30년액티브 | AQ7: =_xll.IMDT("ETP구성",AR1,AQ8:AZ8,AR2,AR3,AR4,AR5,"sort="&AR6&",DtFmt=1,TmFmt=1,Pos=20,Orient=V,Title=SOL 국고채10년") -> SOL 국고채10년 | BE7: =_xll.IMDT("ETP구성",BF1,BE8:BN8,BF2,BF3,BF4,BF5,"sort="&BF6&",DtFmt=1,TmFmt=1,Pos=20,Orient=V,Title=SOL 국고채3년") -> SOL 국고채3년 | BS7: =_xll.IMDT("ETP구성",BT1,BS8:CB8,BT2,BT3,BT4,BT5,"sort="&BT6&",DtFmt=1,TmFmt=1,Pos=20,Orient=V,Title=SOL 종합채권(AA-이상)액티브") -> SOL 종합채권(AA-이상)액티브 | CG7: =_xll.IMDT("ETP구성",CH1,CG8:CP8,CH2,CH3,CH4,CH5,"sort="&CH6&",DtFmt=1,TmFmt=1,Pos=20,Orient=V,Title=SOL 초단기채권액티브") -> SOL 초단기채권액티브 | CU7: =_xll.IMDT("ETP구성",CV1,CU8:DD8,CV2,CV3,CV4,CV5,"sort="&CV6&",DtFmt=1,TmFmt=1,Pos=20,Orient=V,Title=SOL 중단기회사채(A-이상)액티브") -> SOL 중단기회사채(A-이상)액티브 | DI7: =_xll.IMDT("ETP구성",DJ1,DI8:DR8,DJ2,DJ3,DJ4,DJ5,"sort="&DJ6&",DtFmt=1,TmFmt=1,Pos=20,Orient=V,Title=RISE 종합채권(A-이상)액티브") -> RISE 종합채권(A-이상)액티브 | DW7: =_xll.IMDT("ETP구성",DX1,DW8:EF8,DX2,DX3,DX4,DX5,"sort="&DX6&",DtFmt=1,TmFmt=1,Pos=20,Orient=V,Title=SOL 중기종합채권(AA-이상)액티브") -> SOL 중기종합채권(AA-이상)액티브 | EK7: =_xll.IMDT("ETP구성",EL1,EK8:ET8,EL2,EL3,EL4,EL5,"sort="&EL6&",DtFmt=1,TmFmt=1,Pos=20,Orient=V,Title=TIGER 우량회사채액티브") -> TIGER 우량회사채액티브
A8: 일자 | B8: ISIN | C8: 종목코드 | D8: 종목명 | E8: 현재가 | F8: ETF비중 | G8: 보유수량 | H8: 전일평가 | I8: 민평3사가격 | J8: 민평3사듀레이션 | K8: 만기일 | L8: 민평3사 수익률(산출일) | M8: 인포맥스 대분류 | N8: 인포맥스 중분류 | O8: 일자 | P8: ISIN | Q8: 종목코드 | R8: 종목명 | S8: 현재가 | T8: ETF비중 | U8: 보유수량 | V8: 전일평가 | W8: 민평3사가격 | X8: 민평3사듀레이션 | Y8: 만기일 | Z8: 민평3사 수익률(산출일) | AA8: 인포맥스 대분류 | AB8: 인포맥스 중분류 | AC8: 일자 | AD8: ISIN | AE8: 종목코드 | AF8: 종목명 | AG8: 현재가 | AH8: ETF비중 | AI8: 보유수량 | AJ8: 전일평가 | AK8: 민평3사가격 | AL8: 민평3사듀레이션 | AM8: 만기일 | AN8: 민평3사 수익률(산출일) | AO8: 인포맥스 대분류 | AP8: 인포맥스 중분류 | AQ8: 일자 | AR8: ISIN | AS8: 종목코드 | AT8: 종목명 | AU8: 현재가 | AV8: ETF비중 | AW8: 보유수량 | AX8: 전일평가 | AY8: 민평3사가격 | AZ8: 민평3사듀레이션 | BA8: 만기일 | BB8: 민평3사 수익률(산출일) | BC8: 인포맥스 대분류 | BD8: 인포맥스 중분류 | BE8: 일자 | BF8: ISIN | BG8: 종목코드 | BH8: 종목명 | BI8: 현재가 | BJ8: ETF비중 | BK8: 보유수량 | BL8: 전일평가 | BM8: 민평3사가격 | BN8: 민평3사듀레이션 | BO8: 만기일 | BP8: 민평3사 수익률(산출일) | BQ8: 인포맥스 대분류 | BR8: 인포맥스 중분류 | BS8: 일자 | BT8: ISIN | BU8: 종목코드 | BV8: 종목명 | BW8: 현재가 | BX8: ETF비중 | BY8: 보유수량 | BZ8: 전일평가 | CA8: 민평3사가격 | CB8: 민평3사듀레이션 | CC8: 만기일 | CD8: 민평3사 수익률(산출일) | CE8: 인포맥스 대분류 | CF8: 인포맥스 중분류 | CG8: 일자 | CH8: ISIN | CI8: 종목코드 | CJ8: 종목명 | CK8: 현재가 | CL8: ETF비중 | CM8: 보유수량 | CN8: 전일평가 | CO8: 민평3사가격 | CP8: 민평3사듀레이션 | CQ8: 만기일 | CR8: 민평3사 수익률(산출일) | CS8: 인포맥스 대분류 | CT8: 인포맥스 중분류 | CU8: 일자 | CV8: ISIN | CW8: 종목코드 | CX8: 종목명 | CY8: 현재가 | CZ8: ETF비중 | DA8: 보유수량 | DB8: 전일평가 | DC8: 민평3사가격 | DD8: 민평3사듀레이션 | DE8: 만기일 | DF8: 민평3사 수익률(산출일) | DG8: 인포맥스 대분류 | DH8: 인포맥스 중분류 | DI8: 일자 | DJ8: ISIN | DK8: 종목코드 | DL8: 종목명 | DM8: 현재가 | DN8: ETF비중 | DO8: 보유수량 | DP8: 전일평가 | DQ8: 민평3사가격 | DR8: 민평3사듀레이션 | DS8: 만기일 | DT8: 민평3사 수익률(산출일) | DU8: 인포맥스 대분류 | DV8: 인포맥스 중분류 | DW8: 일자 | DX8: ISIN | DY8: 종목코드 | DZ8: 종목명 | EA8: 현재가 | EB8: ETF비중 | EC8: 보유수량 | ED8: 전일평가 | EE8: 민평3사가격 | EF8: 민평3사듀레이션 | EG8: 만기일 | EH8: 민평3사 수익률(산출일) | EI8: 인포맥스 대분류 | EJ8: 인포맥스 중분류 | EK8: 일자 | EL8: ISIN | EM8: 종목코드 | EN8: 종목명 | EO8: 현재가 | EP8: ETF비중 | EQ8: 보유수량 | ER8: 전일평가 | ES8: 민평3사가격 | ET8: 민평3사듀레이션 | EU8: 만기일 | EV8: 민평3사 수익률(산출일) | EW8: 인포맥스 대분류 | EX8: 인포맥스 중분류
A9: 46316 | B9: KR4A656C0009 | C9: A656C000 | D9: 2026-12 국채선물3(신) | E9: 0 | F9: 4.28 | G9: -0.05 | H9: -5153000 | K9: =_xll.IMDP("BND",B9,K8,B3) | L9: =_xll.IMDP("BND",B9,L8,B3) | M9: =_xll.IMDP("BND",B9,M8,B3) | N9: =_xll.IMDP("BND",B9,N8,B3) | O9: 46316 | P9: KR103502GF39 | Q9: 03502G | R9: 국고02625-5503(25-2) | S9: 0 | T9: 9.01 | U9: 0 | V9: 12229731 | W9: 7306.91 | X9: 18.0836 | Y9: =_xll.IMDP("BND",P9,Y8,P3) -> 20550310 | Z9: =_xll.IMDP("BND",P9,Z8,P3) -> 4.293 | AA9: =_xll.IMDP("BND",P9,AA8,P3) -> 국채 | AB9: =_xll.IMDP("BND",P9,AB8,P3) -> 국고채권 | AC9: 46316 | AD9: KR103502G834 | AE9: 03502G | AF9: 국고02625-4803(18-2) | AG9: 0 | AH9: 8.58 | AI9: 0 | AJ9: 12387038 | AK9: 7692.57 | AL9: 15.2744 | AM9: =_xll.IMDP("BND",AD9,AM8,AD3) -> 20480310 | AN9: =_xll.IMDP("BND",AD9,AN8,AD3) -> 4.308 | AO9: =_xll.IMDP("BND",AD9,AO8,AD3) -> 국채 | AP9: =_xll.IMDP("BND",AD9,AP8,AD3) -> 국고채권 | AQ9: 46316 | AR9: KR103503GG60 | AS9: 03503G | AT9: 국고04250-3606(26-6) | AU9: 0 | AV9: 45.45 | AW9: 0 | AX9: 46924924 | AY9: 10212.57 | AZ9: 7.734 | BA9: =_xll.IMDP("BND",AR9,BA8,AR3) -> 20360610 | BB9: =_xll.IMDP("BND",AR9,BB8,AR3) -> 4.175 | BC9: =_xll.IMDP("BND",AR9,BC8,AR3) -> 국채 | BD9: =_xll.IMDP("BND",AR9,BD8,AR3) -> 국고채권 | BE9: 46316 | BF9: KR103501GG62 | BG9: 03501G | BH9: 국고03500-2906(26-5) | BI9: 0 | BJ9: 39.21 | BK9: 0 | BL9: 40467267 | BM9: 10043.24 | BN9: 2.464 | BO9: =_xll.IMDP("BND",BF9,BO8,BF3) -> 20290610 | BP9: =_xll.IMDP("BND",BF9,BP8,BF3) -> 3.835 | BQ9: =_xll.IMDP("BND",BF9,BQ8,BF3) -> 국채 | BR9: =_xll.IMDP("BND",BF9,BR8,BF3) -> 국고채권 | BS9: 46316 | BT9: KR4A656C0009 | BU9: A656C000 | BV9: 2026-12 국채선물3(신) | BW9: 0 | BX9: 2.88 | BY9: 0.04 | BZ9: 4122400 | CC9: =_xll.IMDP("BND",BT9,CC8,BT3) | CD9: =_xll.IMDP("BND",BT9,CD8,BT3) | CE9: =_xll.IMDP("BND",BT9,CE8,BT3) | CF9: =_xll.IMDP("BND",BT9,CF8,BT3) | CG9: 46316 | CH9: KRZS0306167N | CI9: S03061 | CJ9: 교보증권 20260922-30-4(단) | CK9: 0 | CL9: 1.98 | CM9: 0 | CN9: 2508054 | CQ9: =_xll.IMDP("BND",CH9,CQ8,CH3) | CR9: =_xll.IMDP("BND",CH9,CR8,CH3) | CS9: =_xll.IMDP("BND",CH9,CS8,CH3) | CT9: =_xll.IMDP("BND",CH9,CT8,CH3) | CU9: 46316 | CV9: KR6003492F56 | CW9: 003492 | CX9: 대한항공111-2 | CY9: 0 | CZ9: 4.61 | DA9: 0 | DB9: 4778907 | DC9: 9839.5 | DD9: 1.5387 | DE9: =_xll.IMDP("BND",CV9,DE8,CV3) -> 20280526 | DF9: =_xll.IMDP("BND",CV9,DF8,CV3) -> 4.467 | DG9: =_xll.IMDP("BND",CV9,DG8,CV3) -> 회사채 | DH9: =_xll.IMDP("BND",CV9,DH8,CV3) -> 회사채(일반) | DI9: 46316 | DJ9: KR103501GG39 | DK9: 03501G | DL9: 국고채권03500-5603(26-2) | DM9: 0 | DN9: 3.6 | DO9: 0 | DP9: 5691768 | DQ9: 8730.99 | DR9: 17.2848 | DS9: =_xll.IMDP("BND",DJ9,DS8,DJ3) -> 20560310 | DT9: =_xll.IMDP("BND",DJ9,DT8,DJ3) -> 4.287 | DU9: =_xll.IMDP("BND",DJ9,DU8,DJ3) -> 국채 | DV9: =_xll.IMDP("BND",DJ9,DV8,DJ3) -> 국고채권 | DW9: 46316 | DX9: KR103501GFC3 | DY9: 03501G | DZ9: 국고02750-2812(25-10) | EA9: 0 | EB9: 17.67 | EC9: 0 | ED9: 18618326 | EE9: 9888.4 | EF9: 2.0321 | EG9: =_xll.IMDP("BND",DX9,EG8,DX3) -> 20281210 | EH9: =_xll.IMDP("BND",DX9,EH8,DX3) -> 3.787 | EI9: =_xll.IMDP("BND",DX9,EI8,DX3) -> 국채 | EJ9: =_xll.IMDP("BND",DX9,EJ8,DX3) -> 국고채권 | EK9: 46316 | EL9: KR4A676C0005 | EM9: A676C000 | EN9: 10년국채 F 202612 | EO9: 0 | EP9: 5.45 | EQ9: -0.1171 | ER9: -12479347 | EU9: =_xll.IMDP("BND",EL9,EU8,EL3) | EV9: =_xll.IMDP("BND",EL9,EV8,EL3) | EW9: =_xll.IMDP("BND",EL9,EW8,EL3) | EX9: =_xll.IMDP("BND",EL9,EX8,EL3)
A10: 46316 | B10: KR103502GD98 | C10: 03502G | D10: 국고03625-5309(23-7) | E10: 0 | F10: 2.22 | G10: 0 | H10: 2673193 | I10: 8958.96 | J10: 16.3566 | K10: =_xll.IMDP("BND",B10,K8,B3) -> 20530910 | L10: =_xll.IMDP("BND",B10,L8,B3) -> 4.308 | M10: =_xll.IMDP("BND",B10,M8,B3) -> 국채 | N10: =_xll.IMDP("BND",B10,N8,B3) -> 국고채권 | O10: 46316 | P10: KR103502GFC1 | Q10: 03502G | R10: 국고03250-3512(25-11) | S10: 0 | T10: 7.37 | U10: 0 | V10: 10001298 | W10: 9424.3 | X10: 7.67 | Y10: =_xll.IMDP("BND",P10,Y8,P3) -> 20351210 | Z10: =_xll.IMDP("BND",P10,Z8,P3) -> 4.17 | AA10: =_xll.IMDP("BND",P10,AA8,P3) -> 국채 | AB10: =_xll.IMDP("BND",P10,AB8,P3) -> 국고채권 | AC10: 46316 | AD10: KR4A676C0005 | AE10: A676C000 | AF10: 2026-12 국채선물10(신) | AG10: 0 | AH10: 8.12 | AI10: -0.11 | AJ10: -11722700 | AM10: =_xll.IMDP("BND",AD10,AM8,AD3) | AN10: =_xll.IMDP("BND",AD10,AN8,AD3) | AO10: =_xll.IMDP("BND",AD10,AO8,AD3) | AP10: =_xll.IMDP("BND",AD10,AP8,AD3) | AQ10: 46316 | AR10: KR103502GFC1 | AS10: 03502G | AT10: 국고03250-3512(25-11) | AU10: 0 | AV10: 33.56 | AW10: 0 | AX10: 34642372 | AY10: 9424.3 | AZ10: 7.67 | BA10: =_xll.IMDP("BND",AR10,BA8,AR3) -> 20351210 | BB10: =_xll.IMDP("BND",AR10,BB8,AR3) -> 4.17 | BC10: =_xll.IMDP("BND",AR10,BC8,AR3) -> 국채 | BD10: =_xll.IMDP("BND",AR10,BD8,AR3) -> 국고채권 | BE10: 46316 | BF10: KR103503GG37 | BG10: 03503G | BH10: 국고03375-3103(26-3) | BI10: 0 | BJ10: 30.23 | BK10: 0 | BL10: 31196797 | BM10: 9789.18 | BN10: 4.0153 | BO10: =_xll.IMDP("BND",BF10,BO8,BF3) -> 20310310 | BP10: =_xll.IMDP("BND",BF10,BP8,BF3) -> 3.998 | BQ10: =_xll.IMDP("BND",BF10,BQ8,BF3) -> 국채 | BR10: =_xll.IMDP("BND",BF10,BR8,BF3) -> 국고채권 | BS10: 46316 | BT10: KR103501GG39 | BU10: 03501G | BV10: 국고03500-5603(26-2) | BW10: 0 | BX10: 2.69 | BY10: 0 | BZ10: 3842416 | CA10: 8730.99 | CB10: 17.2848 | CC10: =_xll.IMDP("BND",BT10,CC8,BT3) -> 20560310 | CD10: =_xll.IMDP("BND",BT10,CD8,BT3) -> 4.287 | CE10: =_xll.IMDP("BND",BT10,CE8,BT3) -> 국채 | CF10: =_xll.IMDP("BND",BT10,CF8,BT3) -> 국고채권 | CG10: 46316 | CH10: KRZS47670014 | CI10: S47670 | CJ10: 모멘텀제일차 20260820-92-1(단) | CK10: 0 | CL10: 1.97 | CM10: 0 | CN10: 2500878 | CQ10: =_xll.IMDP("BND",CH10,CQ8,CH3) | CR10: =_xll.IMDP("BND",CH10,CR8,CH3) | CS10: =_xll.IMDP("BND",CH10,CS8,CH3) | CT10: =_xll.IMDP("BND",CH10,CT8,CH3) | CU10: 46316 | CV10: KR6023769G75 | CW10: 023769 | CX10: 한국캐피탈571-4 | CY10: 0 | CZ10: 2.37 | DA10: 0 | DB10: 2453608 | DC10: 10105.41 | DD10: 1.2904 | DE10: =_xll.IMDP("BND",CV10,DE8,CV3) -> 20280229 | DF10: =_xll.IMDP("BND",CV10,DF8,CV3) -> 5.057 | DG10: =_xll.IMDP("BND",CV10,DG8,CV3) -> 금융채 | DH10: =_xll.IMDP("BND",CV10,DH8,CV3) -> 기타금융채 | DI10: 46316 | DJ10: KR103502GG95 | DK10: 03502G | DL10: 국고채권04500-5609(26-8) | DM10: 0 | DN10: 3.04 | DO10: 0 | DP10: 4808692 | DQ10: 10441.59 | DR10: 16.5401 | DS10: =_xll.IMDP("BND",DJ10,DS8,DJ3) -> 20560910 | DT10: =_xll.IMDP("BND",DJ10,DT8,DJ3) -> 4.267 | DU10: =_xll.IMDP("BND",DJ10,DU8,DJ3) -> 국채 | DV10: =_xll.IMDP("BND",DJ10,DV8,DJ3) -> 국고채권 | DW10: 46316 | DX10: KR103501GG62 | DY10: 03501G | DZ10: 국고03500-2906(26-5) | EA10: 0 | EB10: 13.96 | EC10: 0 | ED10: 14707673 | EE10: 10043.24 | EF10: 2.464 | EG10: =_xll.IMDP("BND",DX10,EG8,DX3) -> 20290610 | EH10: =_xll.IMDP("BND",DX10,EH8,DX3) -> 3.835 | EI10: =_xll.IMDP("BND",DX10,EI8,DX3) -> 국채 | EJ10: =_xll.IMDP("BND",DX10,EJ8,DX3) -> 국고채권 | EK10: 46316 | EL10: KR4A656C0009 | EM10: A656C000 | EN10: 3년국채 F 202612 | EO10: 0 | EP10: 4.01 | EQ10: 0.089 | ER10: 9172340 | EU10: =_xll.IMDP("BND",EL10,EU8,EL3) | EV10: =_xll.IMDP("BND",EL10,EV8,EL3) | EW10: =_xll.IMDP("BND",EL10,EW8,EL3) | EX10: =_xll.IMDP("BND",EL10,EX8,EL3)
A11: 46316 | B11: KR103501GG39 | C11: 03501G | D11: 국고03500-5603(26-2) | E11: 0 | F11: 2.04 | G11: 0 | H11: 2451213 | I11: 8730.99 | J11: 17.2848 | K11: =_xll.IMDP("BND",B11,K8,B3) -> 20560310 | L11: =_xll.IMDP("BND",B11,L8,B3) -> 4.287 | M11: =_xll.IMDP("BND",B11,M8,B3) -> 국채 | N11: =_xll.IMDP("BND",B11,N8,B3) -> 국고채권 | O11: 46316 | P11: KR356115GFB8 | Q11: 56115G | R11: 토지주택채권559 | S11: 0 | T11: 5.83 | U11: 0 | V11: 7917028 | W11: 9697.87 | X11: 3.7893 | Y11: =_xll.IMDP("BND",P11,Y8,P3) -> 20301127 | Z11: =_xll.IMDP("BND",P11,Z8,P3) -> 4.233 | AA11: =_xll.IMDP("BND",P11,AA8,P3) -> 공사공단채 | AB11: =_xll.IMDP("BND",P11,AB8,P3) -> 일반 | AC11: 46316 | AD11: KR103502GC99 | AE11: 03502G | AF11: 국고03125-5209(22-9) | AG11: 0 | AH11: 7.13 | AI11: 0 | AJ11: 10284042 | AK11: 8183.03 | AL11: 16.5318 | AM11: =_xll.IMDP("BND",AD11,AM8,AD3) -> 20520910 | AN11: =_xll.IMDP("BND",AD11,AN8,AD3) -> 4.32 | AO11: =_xll.IMDP("BND",AD11,AO8,AD3) -> 국채 | AP11: =_xll.IMDP("BND",AD11,AP8,AD3) -> 국고채권 | AQ11: 46316 | AR11: KR103502GF62 | AS11: 03502G | AT11: 국고채권02625-3506(25-5) | AU11: 0 | AV11: 9.81 | AW11: 0 | AX11: 10132127 | AY11: 8983.82 | AZ11: 7.4838 | BA11: =_xll.IMDP("BND",AR11,BA8,AR3) -> 20350610 | BB11: =_xll.IMDP("BND",AR11,BB8,AR3) -> 4.17 | BC11: =_xll.IMDP("BND",AR11,BC8,AR3) -> 국채 | BD11: =_xll.IMDP("BND",AR11,BD8,AR3) -> 국고채권 | BE11: 46316 | BF11: KR103501GFC3 | BG11: 03501G | BH11: 국고02750-2812(25-10) | BI11: 0 | BJ11: 27.22 | BK11: 0 | BL11: 28089575 | BM11: 9888.4 | BN11: 2.0321 | BO11: =_xll.IMDP("BND",BF11,BO8,BF3) -> 20281210 | BP11: =_xll.IMDP("BND",BF11,BP8,BF3) -> 3.787 | BQ11: =_xll.IMDP("BND",BF11,BQ8,BF3) -> 국채 | BR11: =_xll.IMDP("BND",BF11,BR8,BF3) -> 국고채권 | BS11: 46316 | BT11: KR103502GA67 | BU11: 03502G | BV11: 국고채권01375-3006(20-4) | BW11: 0 | BX11: 2.52 | BY11: 0 | BZ11: 3606381 | CA11: 9184.15 | CB11: 3.4692 | CC11: =_xll.IMDP("BND",BT11,CC8,BT3) -> 20300610 | CD11: =_xll.IMDP("BND",BT11,CD8,BT3) -> 3.953 | CE11: =_xll.IMDP("BND",BT11,CE8,BT3) -> 국채 | CF11: =_xll.IMDP("BND",BT11,CF8,BT3) -> 국고채권 | CG11: 46316 | CH11: KRZS49313040 | CI11: S49313 | CJ11: 에스디비제오차 20260831-91-1(단) | CK11: 0 | CL11: 1.92 | CM11: 0 | CN11: 2432710 | CQ11: =_xll.IMDP("BND",CH11,CQ8,CH3) | CR11: =_xll.IMDP("BND",CH11,CR8,CH3) | CS11: =_xll.IMDP("BND",CH11,CS8,CH3) | CT11: =_xll.IMDP("BND",CH11,CT8,CH3) | CU11: 46316 | CV11: KR6003491G98 | CW11: 003491 | CX11: 대한항공122-1 | CY11: 0 | CZ11: 2.37 | DA11: 0 | DB11: 2449254 | DC11: 10084.06 | DD11: 1.8026 | DE11: =_xll.IMDP("BND",CV11,DE8,CV3) -> 20280915 | DF11: =_xll.IMDP("BND",CV11,DF8,CV3) -> 4.601 | DG11: =_xll.IMDP("BND",CV11,DG8,CV3) -> 회사채 | DH11: =_xll.IMDP("BND",CV11,DH8,CV3) -> 회사채(일반) | DI11: 46316 | DJ11: KR103504GE95 | DK11: 03504G | DL11: 국고채권02875-4409(24-10) | DM11: 0 | DN11: 1.51 | DO11: 0 | DP11: 2381147 | DQ11: 8316.35 | DR11: 13.3243 | DS11: =_xll.IMDP("BND",DJ11,DS8,DJ3) -> 20440910 | DT11: =_xll.IMDP("BND",DJ11,DT8,DJ3) -> 4.254 | DU11: =_xll.IMDP("BND",DJ11,DU8,DJ3) -> 국채 | DV11: =_xll.IMDP("BND",DJ11,DV8,DJ3) -> 국고채권 | DW11: 46316 | DX11: KR103503GG37 | DY11: 03503G | DZ11: 국고03375-3103(26-3) | EA11: 0 | EB11: 7.19 | EC11: 0 | ED11: 7577522 | EE11: 9789.18 | EF11: 4.0153 | EG11: =_xll.IMDP("BND",DX11,EG8,DX3) -> 20310310 | EH11: =_xll.IMDP("BND",DX11,EH8,DX3) -> 3.998 | EI11: =_xll.IMDP("BND",DX11,EI8,DX3) -> 국채 | EJ11: =_xll.IMDP("BND",DX11,EJ8,DX3) -> 국고채권 | EK11: 46316 | EL11: KR70000Y0004 | EM11: 0000Y0 | EN11: HK 26-12 회사채(AA-이상)액티브 | EO11: 102265 | EP11: 2.09 | EQ11: 46.8603 | ER11: 4792168 | EU11: =_xll.IMDP("BND",EL11,EU8,EL3) | EV11: =_xll.IMDP("BND",EL11,EV8,EL3) | EW11: =_xll.IMDP("BND",EL11,EW8,EL3) | EX11: =_xll.IMDP("BND",EL11,EX8,EL3)
A12: 46316 | B12: KR103502GB33 | C12: 03502G | D12: 국고01875-5103(21-2) | E12: 0 | F12: 1.35 | G12: 0 | H12: 1631393 | I12: 6402.24 | J12: 17.7604 | K12: =_xll.IMDP("BND",B12,K8,B3) -> 20510310 | L12: =_xll.IMDP("BND",B12,L8,B3) -> 4.28 | M12: =_xll.IMDP("BND",B12,M8,B3) -> 국채 | N12: =_xll.IMDP("BND",B12,N8,B3) -> 국고채권 | O12: 46316 | P12: KR103502GE30 | Q12: 03502G | R12: 국고03250-5403(24-2) | S12: 0 | T12: 5.52 | U12: 0 | V12: 7496253 | W12: 8346.45 | X12: 16.9163 | Y12: =_xll.IMDP("BND",P12,Y8,P3) -> 20540310 | Z12: =_xll.IMDP("BND",P12,Z8,P3) -> 4.306 | AA12: =_xll.IMDP("BND",P12,AA8,P3) -> 국채 | AB12: =_xll.IMDP("BND",P12,AB8,P3) -> 국고채권 | AC12: 46316 | AD12: KR103502GE97 | AE12: 03502G | AF12: 국고02750-5409(24-8) | AG12: 0 | AH12: 6.35 | AI12: 0 | AJ12: 9171070 | AK12: 7534.48 | AL12: 17.7308 | AM12: =_xll.IMDP("BND",AD12,AM8,AD3) -> 20540910 | AN12: =_xll.IMDP("BND",AD12,AN8,AD3) -> 4.294 | AO12: =_xll.IMDP("BND",AD12,AO8,AD3) -> 국채 | AP12: =_xll.IMDP("BND",AD12,AP8,AD3) -> 국고채권 | AQ12: 46316 | AR12: KR103502GDC6 | AS12: 03502G | AT12: 국고04125-3312(23-11) | AU12: 0 | AV12: 3.29 | AW12: 0 | AX12: 3399703 | AY12: 10173.61 | AZ12: 6.0438 | BA12: =_xll.IMDP("BND",AR12,BA8,AR3) -> 20331210 | BB12: =_xll.IMDP("BND",AR12,BB8,AR3) -> 4.085 | BC12: =_xll.IMDP("BND",AR12,BC8,AR3) -> 국채 | BD12: =_xll.IMDP("BND",AR12,BD8,AR3) -> 국고채권 | BE12: 46316 | BF12: KR4A656C0009 | BG12: A656C000 | BH12: 2026-12 국채선물3(신) | BI12: 0 | BJ12: 2 | BK12: 0.02 | BL12: 2061200 | BO12: =_xll.IMDP("BND",BF12,BO8,BF3) | BP12: =_xll.IMDP("BND",BF12,BP8,BF3) | BQ12: =_xll.IMDP("BND",BF12,BQ8,BF3) | BR12: =_xll.IMDP("BND",BF12,BR8,BF3) | BS12: 46316 | BT12: KR103502GF39 | BU12: 03502G | BV12: 국고02625-5503(25-2) | BW12: 0 | BX12: 2.32 | BY12: 0 | BZ12: 3316982 | CA12: 7306.91 | CB12: 18.0836 | CC12: =_xll.IMDP("BND",BT12,CC8,BT3) -> 20550310 | CD12: =_xll.IMDP("BND",BT12,CD8,BT3) -> 4.293 | CE12: =_xll.IMDP("BND",BT12,CE8,BT3) -> 국채 | CF12: =_xll.IMDP("BND",BT12,CF8,BT3) -> 국고채권 | CG12: 46316 | CH12: KRZS0078P045 | CI12: S0078P | CJ12: 트루프렌드상생제일차 20261012-29-3(단) | CK12: 0 | CL12: 1.81 | CM12: 0 | CN12: 2297785 | CQ12: =_xll.IMDP("BND",CH12,CQ8,CH3) | CR12: =_xll.IMDP("BND",CH12,CR8,CH3) | CS12: =_xll.IMDP("BND",CH12,CS8,CH3) | CT12: =_xll.IMDP("BND",CH12,CT8,CH3) | CU12: 46316 | CV12: KR6103342G97 | CW12: 103342 | CX12: 대신에프앤아이45-2 | CY12: 0 | CZ12: 2.36 | DA12: 0 | DB12: 2448773 | DC12: 10083.42 | DD12: 2.6727 | DE12: =_xll.IMDP("BND",CV12,DE8,CV3) -> 20290914 | DF12: =_xll.IMDP("BND",CV12,DF8,CV3) -> 4.902 | DG12: =_xll.IMDP("BND",CV12,DG8,CV3) -> 회사채 | DH12: =_xll.IMDP("BND",CV12,DH8,CV3) -> 회사채(일반) | DI12: 46316 | DJ12: KR6000013G85 | DK12: 000013 | DL12: 신한은행30-08-이-1.25-A | DM12: 0 | DN12: 1.21 | DO12: 0 | DP12: 1917304 | DQ12: 10043.68 | DR12: 1.022 | DS12: =_xll.IMDP("BND",DJ12,DS8,DJ3) -> 20271110 | DT12: =_xll.IMDP("BND",DJ12,DT8,DJ3) -> 4.037 | DU12: =_xll.IMDP("BND",DJ12,DU8,DJ3) -> 금융채 | DV12: =_xll.IMDP("BND",DJ12,DV8,DJ3) -> 은행채 | DW12: 46316 | DX12: KR6145768FC3 | DY12: 145768 | DZ12: BNK캐피탈385-6 | EA12: 0 | EB12: 5.85 | EC12: 0 | ED12: 6158548 | EE12: 9812.58 | EF12: 2.082 | EG12: =_xll.IMDP("BND",DX12,EG8,DX3) -> 20281226 | EH12: =_xll.IMDP("BND",DX12,EH8,DX3) -> 4.514 | EI12: =_xll.IMDP("BND",DX12,EI8,DX3) -> 금융채 | EJ12: =_xll.IMDP("BND",DX12,EJ8,DX3) -> 기타금융채 | EK12: 46316 | EL12: KR70192Z0001 | EM12: 0192Z0 | EN12: TIGER 중기종합채권(A-이상)액티브 | EO12: 101455 | EP12: 2.08 | EQ12: 46.8603 | ER12: 4754211 | EU12: =_xll.IMDP("BND",EL12,EU8,EL3) | EV12: =_xll.IMDP("BND",EL12,EV8,EL3) | EW12: =_xll.IMDP("BND",EL12,EW8,EL3) | EX12: =_xll.IMDP("BND",EL12,EX8,EL3)
A13: 46316 | B13: KR103502GE30 | C13: 03502G | D13: 국고03250-5403(24-2) | E13: 0 | F13: 1.3 | G13: 0 | H13: 1567779 | I13: 8346.45 | J13: 16.9163 | K13: =_xll.IMDP("BND",B13,K8,B3) -> 20540310 | L13: =_xll.IMDP("BND",B13,L8,B3) -> 4.306 | M13: =_xll.IMDP("BND",B13,M8,B3) -> 국채 | N13: =_xll.IMDP("BND",B13,N8,B3) -> 국고채권 | O13: 46316 | P13: KR103503GF95 | Q13: 03503G | R13: 국고02500-3009(25-8) | S13: 0 | T13: 4.86 | U13: 0 | V13: 6592982 | W13: 9501.73 | X13: 3.6419 | Y13: =_xll.IMDP("BND",P13,Y8,P3) -> 20300910 | Z13: =_xll.IMDP("BND",P13,Z8,P3) -> 3.974 | AA13: =_xll.IMDP("BND",P13,AA8,P3) -> 국채 | AB13: =_xll.IMDP("BND",P13,AB8,P3) -> 국고채권 | AC13: 46316 | AD13: KR103504GD96 | AE13: 03504G | AF13: 국고03875-4309(23-9) | AG13: 0 | AH13: 6.32 | AI13: 0 | AJ13: 9116168 | AK13: 9557.03 | AL13: 12.108 | AM13: =_xll.IMDP("BND",AD13,AM8,AD3) -> 20430910 | AN13: =_xll.IMDP("BND",AD13,AN8,AD3) -> 4.282 | AO13: =_xll.IMDP("BND",AD13,AO8,AD3) -> 국채 | AP13: =_xll.IMDP("BND",AD13,AP8,AD3) -> 국고채권 | AQ13: 46316 | AR13: KR4A676C0005 | AS13: A676C000 | AT13: 2026-12 국채선물10(신) | AU13: 0 | AV13: 3.1 | AW13: 0.03 | AX13: 3197100 | BA13: =_xll.IMDP("BND",AR13,BA8,AR3) | BB13: =_xll.IMDP("BND",AR13,BB8,AR3) | BC13: =_xll.IMDP("BND",AR13,BC8,AR3) | BD13: =_xll.IMDP("BND",AR13,BD8,AR3) | BE13: 46316 | BF13: KR103501GEC6 | BG13: 03501G | BH13: 국고02875-2712(24-12) | BI13: 0 | BJ13: 0.89 | BK13: 0 | BL13: 917202 | BM13: 10015.97 | BN13: 1.0962 | BO13: =_xll.IMDP("BND",BF13,BO8,BF3) -> 20271210 | BP13: =_xll.IMDP("BND",BF13,BP8,BF3) -> 3.671 | BQ13: =_xll.IMDP("BND",BF13,BQ8,BF3) -> 국채 | BR13: =_xll.IMDP("BND",BF13,BR8,BF3) -> 국고채권 | BS13: 46316 | BT13: KR103502GF96 | BU13: 03502G | BV13: 국고02625-5509(25-7) | BW13: 0 | BX13: 2.06 | BY13: 0 | BZ13: 2951373 | CA13: 7289.55 | CB13: 18.2572 | CC13: =_xll.IMDP("BND",BT13,CC8,BT3) -> 20550910 | CD13: =_xll.IMDP("BND",BT13,CD8,BT3) -> 4.288 | CE13: =_xll.IMDP("BND",BT13,CE8,BT3) -> 국채 | CF13: =_xll.IMDP("BND",BT13,CF8,BT3) -> 국고채권 | CG13: 46316 | CH13: KR6025083DB9 | CI13: 025083 | CJ13: 하나에프앤아이186-3 | CK13: 0 | CL13: 1.62 | CM13: 0 | CN13: 2050738 | CO13: 10121.54 | CP13: 0.0443 | CQ13: =_xll.IMDP("BND",CH13,CQ8,CH3) -> 20261106 | CR13: =_xll.IMDP("BND",CH13,CR8,CH3) -> 3.648 | CS13: =_xll.IMDP("BND",CH13,CS8,CH3) -> 회사채 | CT13: =_xll.IMDP("BND",CH13,CT8,CH3) -> 회사채(일반) | CU13: 46316 | CV13: KR6028671EA8 | CW13: 028671 | CX13: 팬오션22 | CY13: 0 | CZ13: 2.36 | DA13: 0 | DB13: 2448258 | DC13: 10081.91 | DD13: 0.0251 | DE13: =_xll.IMDP("BND",CV13,DE8,CV3) -> 20261030 | DF13: =_xll.IMDP("BND",CV13,DF8,CV3) -> 3.62 | DG13: =_xll.IMDP("BND",CV13,DG8,CV3) -> 회사채 | DH13: =_xll.IMDP("BND",CV13,DH8,CV3) -> 회사채(일반) | DI13: 46316 | DJ13: KR103502GF39 | DK13: 03502G | DL13: 국고채권02625-5503(25-2) | DM13: 0 | DN13: 1.1 | DO13: 0 | DP13: 1735259 | DQ13: 7306.91 | DR13: 18.0836 | DS13: =_xll.IMDP("BND",DJ13,DS8,DJ3) -> 20550310 | DT13: =_xll.IMDP("BND",DJ13,DT8,DJ3) -> 4.293 | DU13: =_xll.IMDP("BND",DJ13,DU8,DJ3) -> 국채 | DV13: =_xll.IMDP("BND",DJ13,DV8,DJ3) -> 국고채권 | DW13: 46316 | DX13: KR6139132F88 | DY13: 139132 | DZ13: iM금융지주28-2 | EA13: 0 | EB13: 5.66 | EC13: 0 | ED13: 5966573 | EE13: 9507.11 | EF13: 3.6028 | EG13: =_xll.IMDP("BND",DX13,EG8,DX3) -> 20300829 | EH13: =_xll.IMDP("BND",DX13,EH8,DX3) -> 4.392 | EI13: =_xll.IMDP("BND",DX13,EI8,DX3) -> 회사채 | EJ13: =_xll.IMDP("BND",DX13,EJ8,DX3) -> 회사채(일반) | EK13: 46316 | EL13: KR603062AE52 | EM13: 03062A | EN13: 롯데카드531-3 | EO13: 0 | EP13: 2.06 | EQ13: 0 | ER13: 4722450 | ES13: 10077.59 | ET13: 0.0633 | EU13: =_xll.IMDP("BND",EL13,EU8,EL3) -> 20261113 | EV13: =_xll.IMDP("BND",EL13,EV8,EL3) -> 3.795 | EW13: =_xll.IMDP("BND",EL13,EW8,EL3) -> 금융채 | EX13: =_xll.IMDP("BND",EL13,EX8,EL3) -> 카드
A14: 46316 | B14: KR103502G792 | C14: 03502G | D14: 국고02250-3709(17-5) | E14: 0 | F14: 1.15 | G14: 0 | H14: 1383854 | I14: 8348.1 | J14: 9.3531 | K14: =_xll.IMDP("BND",B14,K8,B3) -> 20370910 | L14: =_xll.IMDP("BND",B14,L8,B3) -> 4.183 | M14: =_xll.IMDP("BND",B14,M8,B3) -> 국채 | N14: =_xll.IMDP("BND",B14,N8,B3) -> 국고채권 | O14: 46316 | P14: KR103502GEC4 | Q14: 03502G | R14: 국고03000-3412(24-13) | S14: 0 | T14: 4.49 | U14: 0 | V14: 6092871 | W14: 9330.42 | X14: 7.0099 | Y14: =_xll.IMDP("BND",P14,Y8,P3) -> 20341210 | Z14: =_xll.IMDP("BND",P14,Z8,P3) -> 4.135 | AA14: =_xll.IMDP("BND",P14,AA8,P3) -> 국채 | AB14: =_xll.IMDP("BND",P14,AB8,P3) -> 국고채권 | AC14: 46316 | AD14: KR103502G933 | AE14: 03502G | AF14: 국고02000-4903(19-2) | AG14: 0 | AH14: 6.28 | AI14: 0 | AJ14: 9063817 | AK14: 6719.49 | AL14: 16.5686 | AM14: =_xll.IMDP("BND",AD14,AM8,AD3) -> 20490310 | AN14: =_xll.IMDP("BND",AD14,AN8,AD3) -> 4.315 | AO14: =_xll.IMDP("BND",AD14,AO8,AD3) -> 국채 | AP14: =_xll.IMDP("BND",AD14,AP8,AD3) -> 국고채권 | AQ14: 46316 | AR14: KR103502GCC8 | AS14: 03502G | AT14: 국고04250-3212(22-14) | AU14: 0 | AV14: 1.63 | AW14: 0 | AX14: 1684625 | AY14: 10288.1 | AZ14: 5.2871 | BA14: =_xll.IMDP("BND",AR14,BA8,AR3) -> 20321210 | BB14: =_xll.IMDP("BND",AR14,BB8,AR3) -> 4 | BC14: =_xll.IMDP("BND",AR14,BC8,AR3) -> 국채 | BD14: =_xll.IMDP("BND",AR14,BD8,AR3) -> 국고채권 | BE14: 46316 | BF14: KR103503GF38 | BG14: 03503G | BH14: 국고02625-3003(25-3) | BI14: 0 | BJ14: 0.26 | BK14: 0 | BL14: 264244 | BM14: 9618.51 | BN14: 3.1881 | BO14: =_xll.IMDP("BND",BF14,BO8,BF3) -> 20300310 | BP14: =_xll.IMDP("BND",BF14,BP8,BF3) -> 3.932 | BQ14: =_xll.IMDP("BND",BF14,BQ8,BF3) -> 국채 | BR14: =_xll.IMDP("BND",BF14,BR8,BF3) -> 국고채권 | BS14: 46316 | BT14: KR103503GG60 | BU14: 03503G | BV14: 국고04250-3606(26-6) | BW14: 0 | BX14: 1.55 | BY14: 0 | BZ14: 2222763 | CA14: 10212.57 | CB14: 7.734 | CC14: =_xll.IMDP("BND",BT14,CC8,BT3) -> 20360610 | CD14: =_xll.IMDP("BND",BT14,CD8,BT3) -> 4.175 | CE14: =_xll.IMDP("BND",BT14,CE8,BT3) -> 국채 | CF14: =_xll.IMDP("BND",BT14,CF8,BT3) -> 국고채권 | CG14: 46316 | CH14: KR6167161F18 | CI14: 167161 | CJ14: 벤츠파이낸셜44 | CK14: 0 | CL14: 1.61 | CM14: 0 | CN14: 2039669 | CO14: 10066.74 | CP14: 0.2513 | CQ14: =_xll.IMDP("BND",CH14,CQ8,CH3) -> 20270122 | CR14: =_xll.IMDP("BND",CH14,CR8,CH3) -> 3.71 | CS14: =_xll.IMDP("BND",CH14,CS8,CH3) -> 금융채 | CT14: =_xll.IMDP("BND",CH14,CT8,CH3) -> 기타금융채 | CU14: 46316 | CV14: KR6095236G78 | CW14: 095236 | CX14: 애큐온캐피탈261-3 | CY14: 0 | CZ14: 2.36 | DA14: 0 | DB14: 2447173 | DC14: 10077.45 | DD14: 1.8136 | DE14: =_xll.IMDP("BND",CV14,DE8,CV3) -> 20280929 | DF14: =_xll.IMDP("BND",CV14,DF8,CV3) -> 5.426 | DG14: =_xll.IMDP("BND",CV14,DG8,CV3) -> 금융채 | DH14: =_xll.IMDP("BND",CV14,DH8,CV3) -> 기타금융채 | DI14: 46316 | DJ14: KR103503GF95 | DK14: 03503G | DL14: 국고채권02500-3009(25-8) | DM14: 0 | DN14: 1.09 | DO14: 0 | DP14: 1723109 | DQ14: 9501.73 | DR14: 3.6419 | DS14: =_xll.IMDP("BND",DJ14,DS8,DJ3) -> 20300910 | DT14: =_xll.IMDP("BND",DJ14,DT8,DJ3) -> 3.974 | DU14: =_xll.IMDP("BND",DJ14,DU8,DJ3) -> 국채 | DV14: =_xll.IMDP("BND",DJ14,DV8,DJ3) -> 국고채권 | DW14: 46316 | DX14: KR103503GF38 | DY14: 03503G | DZ14: 국고02625-3003(25-3) | EA14: 0 | EB14: 5.16 | EC14: 0 | ED14: 5433050 | EE14: 9618.51 | EF14: 3.1881 | EG14: =_xll.IMDP("BND",DX14,EG8,DX3) -> 20300310 | EH14: =_xll.IMDP("BND",DX14,EH8,DX3) -> 3.932 | EI14: =_xll.IMDP("BND",DX14,EI8,DX3) -> 국채 | EJ14: =_xll.IMDP("BND",DX14,EJ8,DX3) -> 국고채권 | EK14: 46316 | EL14: KR6029272F24 | EM14: 029272 | EN14: 에스케이실트론52-2 | EO14: 0 | EP14: 2.03 | EQ14: 0 | ER14: 4646621 | ES14: 9915.75 | ET14: 1.291 | EU14: =_xll.IMDP("BND",EL14,EU8,EL3) -> 20280221 | EV14: =_xll.IMDP("BND",EL14,EV8,EL3) -> 4.398 | EW14: =_xll.IMDP("BND",EL14,EW8,EL3) -> 회사채 | EX14: =_xll.IMDP("BND",EL14,EX8,EL3) -> 회사채(일반)
A15: 46316 | B15: KR103502GE97 | C15: 03502G | D15: 국고02750-5409(24-8) | E15: 0 | F15: 1.02 | G15: 0 | H15: 1234031 | I15: 7534.48 | J15: 17.7308 | K15: =_xll.IMDP("BND",B15,K8,B3) -> 20540910 | L15: =_xll.IMDP("BND",B15,L8,B3) -> 4.294 | M15: =_xll.IMDP("BND",B15,M8,B3) -> 국채 | N15: =_xll.IMDP("BND",B15,N8,B3) -> 국고채권 | O15: 46316 | P15: KR602378BD79 | Q15: 02378B | R15: 신한캐피탈483-2 | S15: 0 | T15: 3.09 | U15: 0 | V15: 4193081 | W15: 10273.28 | X15: 3.3823 | Y15: =_xll.IMDP("BND",P15,Y8,P3) -> 20300726 | Z15: =_xll.IMDP("BND",P15,Z8,P3) -> 4.513 | AA15: =_xll.IMDP("BND",P15,AA8,P3) -> 금융채 | AB15: =_xll.IMDP("BND",P15,AB8,P3) -> 기타금융채 | AC15: 46316 | AD15: KR103502GD31 | AE15: 03502G | AF15: 국고03250-5303(23-2) | AG15: 0 | AH15: 5.88 | AI15: 0 | AJ15: 8479289 | AK15: 8367.21 | AL15: 16.5705 | AM15: =_xll.IMDP("BND",AD15,AM8,AD3) -> 20530310 | AN15: =_xll.IMDP("BND",AD15,AN8,AD3) -> 4.315 | AO15: =_xll.IMDP("BND",AD15,AO8,AD3) -> 국채 | AP15: =_xll.IMDP("BND",AD15,AP8,AD3) -> 국고채권 | AQ15: 46316 | AR15: KR103502GD64 | AS15: 03502G | AT15: 국고03250-3306(23-5) | AU15: 0 | AV15: 0.78 | AW15: 0 | AX15: 807030 | AY15: 9660.19 | AZ15: 5.8173 | BA15: =_xll.IMDP("BND",AR15,BA8,AR3) -> 20330610 | BB15: =_xll.IMDP("BND",AR15,BB8,AR3) -> 4.042 | BC15: =_xll.IMDP("BND",AR15,BC8,AR3) -> 국채 | BD15: =_xll.IMDP("BND",AR15,BD8,AR3) -> 국고채권 | BE15: 46316 | BF15: KR103501GF63 | BG15: 03501G | BH15: 국고02250-2806(25-4) | BI15: 0 | BJ15: 0.17 | BK15: 0 | BL15: 180329 | BM15: 9846.01 | BN15: 1.5749 | BO15: =_xll.IMDP("BND",BF15,BO8,BF3) -> 20280610 | BP15: =_xll.IMDP("BND",BF15,BP8,BF3) -> 3.745 | BQ15: =_xll.IMDP("BND",BF15,BQ8,BF3) -> 국채 | BR15: =_xll.IMDP("BND",BF15,BR8,BF3) -> 국고채권 | BS15: 46316 | BT15: KR103503GG94 | BU15: 03503G | BV15: 국고00000-3109(26-9) | BW15: 0 | BX15: 1.47 | BY15: 0 | BZ15: 2098120 | CA15: 10107.63 | CB15: 4.3722 | CC15: =_xll.IMDP("BND",BT15,CC8,BT3) -> 20310910 | CD15: =_xll.IMDP("BND",BT15,CD8,BT3) -> 3.985 | CE15: =_xll.IMDP("BND",BT15,CE8,BT3) -> 국채 | CF15: =_xll.IMDP("BND",BT15,CF8,BT3) -> 국고채권 | CG15: 46316 | CH15: KR6089862E25 | CI15: 089862 | CJ15: 롯데렌탈60-2 | CK15: 0 | CL15: 1.59 | CM15: 0 | CN15: 2015890 | CO15: 10111.54 | CP15: 0.2788 | CQ15: =_xll.IMDP("BND",CH15,CQ8,CH3) -> 20270202 | CR15: =_xll.IMDP("BND",CH15,CR8,CH3) -> 3.888 | CS15: =_xll.IMDP("BND",CH15,CS8,CH3) -> 회사채 | CT15: =_xll.IMDP("BND",CH15,CT8,CH3) -> 회사채(일반) | CU15: 46316 | CV15: KR6023531G64 | CW15: 023531 | CX15: 롯데쇼핑109-1 | CY15: 0 | CZ15: 2.36 | DA15: 0 | DB15: 2442697 | DC15: 10058.49 | DD15: 1.5625 | DE15: =_xll.IMDP("BND",CV15,DE8,CV3) -> 20280609 | DF15: =_xll.IMDP("BND",CV15,DF8,CV3) -> 4.453 | DG15: =_xll.IMDP("BND",CV15,DG8,CV3) -> 회사채 | DH15: =_xll.IMDP("BND",CV15,DH8,CV3) -> 회사채(일반) | DI15: 46316 | DJ15: KR6175333G96 | DK15: 175333 | DL15: JB금융지주45-3 | DM15: 0 | DN15: 0.91 | DO15: 0 | DP15: 1441428 | DQ15: 10067.58 | DR15: 1.8091 | DS15: =_xll.IMDP("BND",DJ15,DS8,DJ3) -> 20280915 | DT15: =_xll.IMDP("BND",DJ15,DT8,DJ3) -> 4.339 | DU15: =_xll.IMDP("BND",DJ15,DU8,DJ3) -> 회사채 | DV15: =_xll.IMDP("BND",DJ15,DV8,DJ3) -> 회사채(일반) | DW15: 46316 | DX15: KR601980BFC7 | DY15: 01980B | DZ15: 하나캐피탈470-5 | EA15: 0 | EB15: 4.88 | EC15: 0 | ED15: 5143473 | EE15: 9833.8 | EF15: 1.9837 | EG15: =_xll.IMDP("BND",DX15,EG8,DX3) -> 20281117 | EH15: =_xll.IMDP("BND",DX15,EH8,DX3) -> 4.412 | EI15: =_xll.IMDP("BND",DX15,EI8,DX3) -> 금융채 | EJ15: =_xll.IMDP("BND",DX15,EJ8,DX3) -> 기타금융채 | EK15: 46316 | EL15: KR357001GF94 | EM15: 57001G | EN15: 김해시도시개발공사2025-01(용두지구) | EO15: 0 | EP15: 2 | EQ15: 0 | ER15: 4566925 | ES15: 9746.01 | ET15: 1.8633 | EU15: =_xll.IMDP("BND",EL15,EU8,EL3) -> 20280926 | EV15: =_xll.IMDP("BND",EL15,EV8,EL3) -> 4.33 | EW15: =_xll.IMDP("BND",EL15,EW8,EL3) -> 공사공단채 | EX15: =_xll.IMDP("BND",EL15,EX8,EL3) -> 지방공기업
A16: 46316 | B16: KR103502GG95 | C16: 03502G | D16: 국고00000-5609(26-8) | E16: 0 | F16: 0.99 | G16: 0 | H16: 1186543 | I16: 10441.59 | J16: 16.5401 | K16: =_xll.IMDP("BND",B16,K8,B3) -> 20560910 | L16: =_xll.IMDP("BND",B16,L8,B3) -> 4.267 | M16: =_xll.IMDP("BND",B16,M8,B3) -> 국채 | N16: =_xll.IMDP("BND",B16,N8,B3) -> 국고채권 | O16: 46316 | P16: KR103503GG37 | Q16: 03503G | R16: 국고03375-3103(26-3) | S16: 0 | T16: 2.94 | U16: 0 | V16: 3995624 | W16: 9789.18 | X16: 4.0153 | Y16: =_xll.IMDP("BND",P16,Y8,P3) -> 20310310 | Z16: =_xll.IMDP("BND",P16,Z8,P3) -> 3.998 | AA16: =_xll.IMDP("BND",P16,AA8,P3) -> 국채 | AB16: =_xll.IMDP("BND",P16,AB8,P3) -> 국고채권 | AC16: 46316 | AD16: KR103502GC32 | AE16: 03502G | AF16: 국고02500-5203(22-2) | AG16: 0 | AH16: 5.61 | AI16: 0 | AJ16: 8094135 | AK16: 7236.69 | AL16: 17.144 | AM16: =_xll.IMDP("BND",AD16,AM8,AD3) -> 20520310 | AN16: =_xll.IMDP("BND",AD16,AN8,AD3) -> 4.321 | AO16: =_xll.IMDP("BND",AD16,AO8,AD3) -> 국채 | AP16: =_xll.IMDP("BND",AD16,AP8,AD3) -> 국고채권 | AQ16: 46316 | AR16: KR103502GC65 | AS16: 03502G | AT16: 국고03375-3206(22-5) | AU16: 0 | AV16: 0.48 | AW16: 0 | AX16: 492276 | AY16: 9820.45 | AZ16: 5.0103 | BA16: =_xll.IMDP("BND",AR16,BA8,AR3) -> 20320610 | BB16: =_xll.IMDP("BND",AR16,BB8,AR3) -> 3.977 | BC16: =_xll.IMDP("BND",AR16,BC8,AR3) -> 국채 | BD16: =_xll.IMDP("BND",AR16,BD8,AR3) -> 국고채권 | BE16: 46316 | BF16: - | BG16: - | BH16: 원화현금 | BJ16: 0.01 | BL16: 19918 | BO16: =_xll.IMDP("BND",BF16,BO8,BF3) | BP16: =_xll.IMDP("BND",BF16,BP8,BF3) | BQ16: =_xll.IMDP("BND",BF16,BQ8,BF3) | BR16: =_xll.IMDP("BND",BF16,BR8,BF3) | BS16: 46316 | BT16: KR103504GE95 | BU16: 03504G | BV16: 국고02875-4409(24-10) | BW16: 0 | BX16: 1.31 | BY16: 0 | BZ16: 1879873 | CA16: 8316.35 | CB16: 13.3243 | CC16: =_xll.IMDP("BND",BT16,CC8,BT3) -> 20440910 | CD16: =_xll.IMDP("BND",BT16,CD8,BT3) -> 4.254 | CE16: =_xll.IMDP("BND",BT16,CE8,BT3) -> 국채 | CF16: =_xll.IMDP("BND",BT16,CF8,BT3) -> 국고채권 | CG16: 46316 | CH16: KR6095922E20 | CI16: 095922 | CJ16: 현대커머셜507 | CK16: 0 | CL16: 1.59 | CM16: 0 | CN16: 2013221 | CO16: 10098.11 | CP16: 0.2886 | CQ16: =_xll.IMDP("BND",CH16,CQ8,CH3) -> 20270205 | CR16: =_xll.IMDP("BND",CH16,CR8,CH3) -> 3.678 | CS16: =_xll.IMDP("BND",CH16,CS8,CH3) -> 금융채 | CT16: =_xll.IMDP("BND",CH16,CT8,CH3) -> 기타금융채 | CU16: 46316 | CV16: KR6145766G87 | CW16: 145766 | CX16: BNK캐피탈394-1 | CY16: 0 | CZ16: 2.36 | DA16: 0 | DB16: 2441845 | DC16: 10055.78 | DD16: 2.569 | DE16: =_xll.IMDP("BND",CV16,DE8,CV3) -> 20290726 | DF16: =_xll.IMDP("BND",CV16,DF8,CV3) -> 4.549 | DG16: =_xll.IMDP("BND",CV16,DG8,CV3) -> 금융채 | DH16: =_xll.IMDP("BND",CV16,DH8,CV3) -> 기타금융채 | DI16: 46316 | DJ16: KR381101GG92 | DK16: 81101G | DL16: 농업금융채권(중앙회)2026-9이2Y-A | DM16: 0 | DN16: 0.91 | DO16: 0 | DP16: 1441186 | DQ16: 10065.93 | DR16: 1.8512 | DS16: =_xll.IMDP("BND",DJ16,DS8,DJ3) -> 20280930 | DT16: =_xll.IMDP("BND",DJ16,DT8,DJ3) -> 4.139 | DU16: =_xll.IMDP("BND",DJ16,DU8,DJ3) -> 공사공단채 | DV16: =_xll.IMDP("BND",DJ16,DV8,DJ3) -> 공사공단채 기타 | DW16: 46316 | DX16: KR6047811F73 | DY16: 047811 | DZ16: 한국항공우주산업29-1 | EA16: 0 | EB16: 4.85 | EC16: 0 | ED16: 5110188 | EE16: 9771 | EF16: 1.6502 | EG16: =_xll.IMDP("BND",DX16,EG8,DX3) -> 20280704 | EH16: =_xll.IMDP("BND",DX16,EH8,DX3) -> 4.293 | EI16: =_xll.IMDP("BND",DX16,EI8,DX3) -> 회사채 | EJ16: =_xll.IMDP("BND",DX16,EJ8,DX3) -> 회사채(일반) | EK16: 46316 | EL16: KR6003493F97 | EM16: 003493 | EN16: 대한항공112-3 | EO16: 0 | EP16: 1.53 | EQ16: 0 | ER16: 3502777 | ES16: 9343.21 | ET16: 5.2548 | EU16: =_xll.IMDP("BND",EL16,EU8,EL3) -> 20320930 | EV16: =_xll.IMDP("BND",EL16,EV8,EL3) -> 5.058 | EW16: =_xll.IMDP("BND",EL16,EW8,EL3) -> 회사채 | EX16: =_xll.IMDP("BND",EL16,EX8,EL3) -> 회사채(일반)
A17: 46316 | B17: KR4A676C0005 | C17: A676C000 | D17: 2026-12 국채선물10(신) | E17: 0 | F17: 0.88 | G17: 0.01 | H17: 1065700 | K17: =_xll.IMDP("BND",B17,K8,B3) | L17: =_xll.IMDP("BND",B17,L8,B3) | M17: =_xll.IMDP("BND",B17,M8,B3) | N17: =_xll.IMDP("BND",B17,N8,B3) | O17: 46316 | P17: KR103503GF38 | Q17: 03503G | R17: 국고02625-3003(25-3) | S17: 0 | T17: 2.89 | U17: 0 | V17: 3925922 | W17: 9618.51 | X17: 3.1881 | Y17: =_xll.IMDP("BND",P17,Y8,P3) -> 20300310 | Z17: =_xll.IMDP("BND",P17,Z8,P3) -> 3.932 | AA17: =_xll.IMDP("BND",P17,AA8,P3) -> 국채 | AB17: =_xll.IMDP("BND",P17,AB8,P3) -> 국고채권 | AC17: 46316 | AD17: KR103502GG95 | AE17: 03502G | AF17: 국고00000-5609(26-8) | AG17: 0 | AH17: 5 | AI17: 0 | AJ17: 7212939 | AK17: 10441.59 | AL17: 16.5401 | AM17: =_xll.IMDP("BND",AD17,AM8,AD3) -> 20560910 | AN17: =_xll.IMDP("BND",AD17,AN8,AD3) -> 4.267 | AO17: =_xll.IMDP("BND",AD17,AO8,AD3) -> 국채 | AP17: =_xll.IMDP("BND",AD17,AP8,AD3) -> 국고채권 | AQ17: 46316 | AR17: KR103502GEC4 | AS17: 03502G | AT17: 국고03000-3412(24-13) | AU17: 0 | AV17: 0.23 | AW17: 0 | AX17: 233816 | AY17: 9330.42 | AZ17: 7.0099 | BA17: =_xll.IMDP("BND",AR17,BA8,AR3) -> 20341210 | BB17: =_xll.IMDP("BND",AR17,BB8,AR3) -> 4.135 | BC17: =_xll.IMDP("BND",AR17,BC8,AR3) -> 국채 | BD17: =_xll.IMDP("BND",AR17,BD8,AR3) -> 국고채권 | BO17: =_xll.IMDP("BND",BF17,BO8,BF3) -> 입력오류 | BP17: =_xll.IMDP("BND",BF17,BP8,BF3) -> 입력오류 | BQ17: =_xll.IMDP("BND",BF17,BQ8,BF3) -> 입력오류 | BR17: =_xll.IMDP("BND",BF17,BR8,BF3) -> 입력오류 | BS17: 46316 | BT17: KR103502GE30 | BU17: 03502G | BV17: 국고03250-5403(24-2) | BW17: 0 | BX17: 1.28 | BY17: 0 | BZ17: 1832149 | CA17: 8346.45 | CB17: 16.9163 | CC17: =_xll.IMDP("BND",BT17,CC8,BT3) -> 20540310 | CD17: =_xll.IMDP("BND",BT17,CD8,BT3) -> 4.306 | CE17: =_xll.IMDP("BND",BT17,CE8,BT3) -> 국채 | CF17: =_xll.IMDP("BND",BT17,CF8,BT3) -> 국고채권 | CG17: 46316 | CH17: KR6003453E13 | CI17: 003453 | CJ17: KB증권43-3 | CK17: 0 | CL17: 1.59 | CM17: 0 | CN17: 2013035 | CO17: 10097.37 | CP17: 0.2698 | CQ17: =_xll.IMDP("BND",CH17,CQ8,CH3) -> 20270129 | CR17: =_xll.IMDP("BND",CH17,CR8,CH3) -> 3.669 | CS17: =_xll.IMDP("BND",CH17,CS8,CH3) -> 회사채 | CT17: =_xll.IMDP("BND",CH17,CT8,CH3) -> 회사채(일반) | CU17: 46316 | CV17: KR6008271GA6 | CW17: 008271 | CX17: 산은캐피탈795-1 | CY17: 0 | CZ17: 2.35 | DA17: 0 | DB17: 2436876 | DC17: 10034.52 | DD17: 1.8657 | DE17: =_xll.IMDP("BND",CV17,DE8,CV3) -> 20281006 | DF17: =_xll.IMDP("BND",CV17,DF8,CV3) -> 4.408 | DG17: =_xll.IMDP("BND",CV17,DG8,CV3) -> 금융채 | DH17: =_xll.IMDP("BND",CV17,DH8,CV3) -> 기타금융채 | DI17: 46316 | DJ17: KR6175332G30 | DK17: 175332 | DL17: JB금융지주40 | DM17: 0 | DN17: 0.9 | DO17: 0 | DP17: 1427035 | DQ17: 9966.95 | DR17: 0.9028 | DS17: =_xll.IMDP("BND",DJ17,DS8,DJ3) -> 20270923 | DT17: =_xll.IMDP("BND",DJ17,DT8,DJ3) -> 4.222 | DU17: =_xll.IMDP("BND",DJ17,DU8,DJ3) -> 회사채 | DV17: =_xll.IMDP("BND",DJ17,DV8,DJ3) -> 회사채(일반) | DW17: 46316 | DX17: KR6031321FA2 | DY17: 031321 | DZ17: 비씨카드184-1 | EA17: 0 | EB17: 4.85 | EC17: 0 | ED17: 5107782 | EE17: 9695.74 | EF17: 1.9165 | EG17: =_xll.IMDP("BND",DX17,EG8,DX3) -> 20281020 | EH17: =_xll.IMDP("BND",DX17,EH8,DX3) -> 4.398 | EI17: =_xll.IMDP("BND",DX17,EI8,DX3) -> 금융채 | EJ17: =_xll.IMDP("BND",DX17,EJ8,DX3) -> 카드 | EK17: 46316 | EL17: KR6018882E20 | EM17: 018882 | EN17: 한온시스템15-2 | EO17: 0 | EP17: 1.04 | EQ17: 0 | ER17: 2370897 | ES17: 10118.8 | ET17: 0.288 | EU17: =_xll.IMDP("BND",EL17,EU8,EL3) -> 20270205 | EV17: =_xll.IMDP("BND",EL17,EV8,EL3) -> 4.022 | EW17: =_xll.IMDP("BND",EL17,EW8,EL3) -> 회사채 | EX17: =_xll.IMDP("BND",EL17,EX8,EL3) -> 회사채(일반)
A18: 46316 | B18: KR310219GG82 | C18: 10219G | D18: 산금26신이0106-0828-2 | E18: 0 | F18: 0.84 | G18: 0 | H18: 1006538 | I18: 10038.42 | J18: 1.3067 | K18: =_xll.IMDP("BND",B18,K8,B3) -> 20280228 | L18: =_xll.IMDP("BND",B18,L8,B3) -> 3.986 | M18: =_xll.IMDP("BND",B18,M8,B3) -> 금융채 | N18: =_xll.IMDP("BND",B18,N8,B3) -> 은행채 | O18: 46316 | P18: KR103502GB33 | Q18: 03502G | R18: 국고01875-5103(21-2) | S18: 0 | T18: 2.71 | U18: 0 | V18: 3684554 | W18: 6402.24 | X18: 17.7604 | Y18: =_xll.IMDP("BND",P18,Y8,P3) -> 20510310 | Z18: =_xll.IMDP("BND",P18,Z8,P3) -> 4.28 | AA18: =_xll.IMDP("BND",P18,AA8,P3) -> 국채 | AB18: =_xll.IMDP("BND",P18,AB8,P3) -> 국고채권 | AC18: 46316 | AD18: KR103502GA34 | AE18: 03502G | AF18: 국고01500-5003(20-2) | AG18: 0 | AH18: 4.55 | AI18: 0 | AJ18: 6563770 | AK18: 5940.26 | AL18: 17.9913 | AM18: =_xll.IMDP("BND",AD18,AM8,AD3) -> 20500310 | AN18: =_xll.IMDP("BND",AD18,AN8,AD3) -> 4.274 | AO18: =_xll.IMDP("BND",AD18,AO8,AD3) -> 국채 | AP18: =_xll.IMDP("BND",AD18,AP8,AD3) -> 국고채권 | AQ18: 46316 | AR18: - | AS18: - | AT18: 원화현금 | AV18: 1.66 | AX18: 1721180 | BA18: =_xll.IMDP("BND",AR18,BA8,AR3) | BB18: =_xll.IMDP("BND",AR18,BB8,AR3) | BC18: =_xll.IMDP("BND",AR18,BC8,AR3) | BD18: =_xll.IMDP("BND",AR18,BD8,AR3) | BO18: =_xll.IMDP("BND",BF18,BO8,BF3) -> 입력오류 | BP18: =_xll.IMDP("BND",BF18,BP8,BF3) -> 입력오류 | BQ18: =_xll.IMDP("BND",BF18,BQ8,BF3) -> 입력오류 | BR18: =_xll.IMDP("BND",BF18,BR8,BF3) -> 입력오류 | BS18: 46316 | BT18: KR2005011E66 | BU18: 005011 | BV18: 광주광역시지방채2024-01 | BW18: 0 | BX18: 1.22 | BY18: 0 | BZ18: 1741546 | CA18: 10130.69 | CB18: 0.5986 | CC18: =_xll.IMDP("BND",BT18,CC8,BT3) -> 20270604 | CD18: =_xll.IMDP("BND",BT18,CD8,BT3) -> 3.579 | CE18: =_xll.IMDP("BND",BT18,CE8,BT3) -> 지방채 | CF18: =_xll.IMDP("BND",BT18,CF8,BT3) -> 공모지방채 | CG18: 46316 | CH18: KR6021241E20 | CI18: 021241 | CJ18: 코웨이6-1 | CK18: 0 | CL18: 1.58 | CM18: 0 | CN18: 2007677 | CO18: 10070.32 | CP18: 0.3331 | CQ18: =_xll.IMDP("BND",CH18,CQ8,CH3) -> 20270222 | CR18: =_xll.IMDP("BND",CH18,CR8,CH3) -> 3.853 | CS18: =_xll.IMDP("BND",CH18,CS8,CH3) -> 회사채 | CT18: =_xll.IMDP("BND",CH18,CT8,CH3) -> 회사채(일반) | CU18: 46316 | CV18: KR6046293G14 | CW18: 046293 | CX18: 엠지캐피탈394-3 | CY18: 0 | CZ18: 2.35 | DA18: 0 | DB18: 2429754 | DC18: 10005 | DD18: 0.739 | DE18: =_xll.IMDP("BND",CV18,DE8,CV3) -> 20270726 | DF18: =_xll.IMDP("BND",CV18,DF8,CV3) -> 5.291 | DG18: =_xll.IMDP("BND",CV18,DG8,CV3) -> 금융채 | DH18: =_xll.IMDP("BND",CV18,DH8,CV3) -> 기타금융채 | DI18: 46316 | DJ18: KRZE03201G7V | DK18: E03201 | DL18: 부산 금융시장지원부 20260728-184-1 | DM18: 0 | DN18: 0.9 | DO18: 0 | DP18: 1418846 | DS18: =_xll.IMDP("BND",DJ18,DS8,DJ3) | DT18: =_xll.IMDP("BND",DJ18,DT8,DJ3) | DU18: =_xll.IMDP("BND",DJ18,DU8,DJ3) | DV18: =_xll.IMDP("BND",DJ18,DV8,DJ3) | DW18: 46316 | DX18: KR6097248F97 | DY18: 097248 | DZ18: 엔에이치농협캐피탈252-8 | EA18: 0 | EB18: 4.83 | EC18: 0 | ED18: 5086579 | EE18: 9725.8 | EF18: 1.8606 | EG18: =_xll.IMDP("BND",DX18,EG8,DX3) -> 20280925 | EH18: =_xll.IMDP("BND",DX18,EH8,DX3) -> 4.417 | EI18: =_xll.IMDP("BND",DX18,EI8,DX3) -> 금융채 | EJ18: =_xll.IMDP("BND",DX18,EJ8,DX3) -> 기타금융채 | EK18: 46316 | EL18: KR6169374F25 | EM18: 169374 | EN18: 메리츠캐피탈271-4 | EO18: 0 | EP18: 1.03 | EQ18: 0 | ER18: 2357038 | ES18: 10059.49 | ET18: 0.3749 | EU18: =_xll.IMDP("BND",EL18,EU8,EL3) -> 20270310 | EV18: =_xll.IMDP("BND",EL18,EV8,EL3) -> 4.291 | EW18: =_xll.IMDP("BND",EL18,EW8,EL3) -> 금융채 | EX18: =_xll.IMDP("BND",EL18,EX8,EL3) -> 기타금융채
A19: 46316 | B19: KR6373224E26 | C19: 373224 | D19: LG에너지솔루션3-4(녹) | E19: 0 | F19: 0.83 | G19: 0 | H19: 998939 | I19: 9962.57 | J19: 3.9001 | K19: =_xll.IMDP("BND",B19,K8,B3) -> 20310216 | L19: =_xll.IMDP("BND",B19,L8,B3) -> 4.49 | M19: =_xll.IMDP("BND",B19,M8,B3) -> 회사채 | N19: =_xll.IMDP("BND",B19,N8,B3) -> 회사채(일반) | O19: 46316 | P19: KR356103GD46 | Q19: 56103G | R19: 토지주택채권430 | S19: 0 | T19: 2.2 | U19: 0 | V19: 2983421 | W19: 9132.13 | X19: 12.1019 | Y19: =_xll.IMDP("BND",P19,Y8,P3) -> 20430420 | Z19: =_xll.IMDP("BND",P19,Z8,P3) -> 4.402 | AA19: =_xll.IMDP("BND",P19,AA8,P3) -> 공사공단채 | AB19: =_xll.IMDP("BND",P19,AB8,P3) -> 일반 | AC19: 46316 | AD19: KR103501GG39 | AE19: 03501G | AF19: 국고03500-5603(26-2) | AG19: 0 | AH19: 3.58 | AI19: 0 | AJ19: 5169664 | AK19: 8730.99 | AL19: 17.2848 | AM19: =_xll.IMDP("BND",AD19,AM8,AD3) -> 20560310 | AN19: =_xll.IMDP("BND",AD19,AN8,AD3) -> 4.287 | AO19: =_xll.IMDP("BND",AD19,AO8,AD3) -> 국채 | AP19: =_xll.IMDP("BND",AD19,AP8,AD3) -> 국고채권 | BA19: =_xll.IMDP("BND",AR19,BA8,AR3) -> 입력오류 | BB19: =_xll.IMDP("BND",AR19,BB8,AR3) -> 입력오류 | BC19: =_xll.IMDP("BND",AR19,BC8,AR3) -> 입력오류 | BD19: =_xll.IMDP("BND",AR19,BD8,AR3) -> 입력오류 | BO19: =_xll.IMDP("BND",BF19,BO8,BF3) -> 입력오류 | BP19: =_xll.IMDP("BND",BF19,BP8,BF3) -> 입력오류 | BQ19: =_xll.IMDP("BND",BF19,BQ8,BF3) -> 입력오류 | BR19: =_xll.IMDP("BND",BF19,BR8,BF3) -> 입력오류 | BS19: 46316 | BT19: KR6105562G53 | BU19: 105562 | BV19: KB금융지주61-1 | BW19: 0 | BX19: 1.2 | BY19: 0 | BZ19: 1722899 | CA19: 10020.97 | CB19: 2.4372 | CC19: =_xll.IMDP("BND",BT19,CC8,BT3) -> 20290526 | CD19: =_xll.IMDP("BND",BT19,CD8,BT3) -> 4.259 | CE19: =_xll.IMDP("BND",BT19,CE8,BT3) -> 회사채 | CF19: =_xll.IMDP("BND",BT19,CF8,BT3) -> 회사채(일반) | CG19: 46316 | CH19: KR6169374EB6 | CI19: 169374 | CJ19: 메리츠캐피탈267-1 | CK19: 0 | CL19: 1.58 | CM19: 0 | CN19: 2006062 | CO19: 10062.24 | CP19: 0.1013 | CQ19: =_xll.IMDP("BND",CH19,CQ8,CH3) -> 20261127 | CR19: =_xll.IMDP("BND",CH19,CR8,CH3) -> 3.905 | CS19: =_xll.IMDP("BND",CH19,CS8,CH3) -> 금융채 | CT19: =_xll.IMDP("BND",CH19,CT8,CH3) -> 기타금융채 | CU19: 46316 | CV19: KR6003342G73 | CW19: 003342 | CX19: SK에코플랜트186-2 | CY19: 0 | CZ19: 2.34 | DA19: 0 | DB19: 2428389 | DC19: 9999.42 | DD19: 1.232 | DE19: =_xll.IMDP("BND",CV19,DE8,CV3) -> 20280130 | DF19: =_xll.IMDP("BND",CV19,DF8,CV3) -> 5.041 | DG19: =_xll.IMDP("BND",CV19,DG8,CV3) -> 회사채 | DH19: =_xll.IMDP("BND",CV19,DH8,CV3) -> 회사채(일반) | DI19: 46316 | DJ19: KR103504GC97 | DK19: 03504G | DL19: 국고채권03250-4209(22-11) | DM19: 0 | DN19: 0.82 | DO19: 0 | DP19: 1291619 | DQ19: 8867.54 | DR19: 11.9722 | DS19: =_xll.IMDP("BND",DJ19,DS8,DJ3) -> 20420910 | DT19: =_xll.IMDP("BND",DJ19,DT8,DJ3) -> 4.27 | DU19: =_xll.IMDP("BND",DJ19,DU8,DJ3) -> 국채 | DV19: =_xll.IMDP("BND",DJ19,DV8,DJ3) -> 국고채권 | DW19: 46316 | DX19: KR6004948G95 | DY19: 004948 | DZ19: 하나은행49-09이3갑-17 | EA19: 0 | EB19: 4.02 | EC19: 0 | ED19: 4233643 | EE19: 10119.34 | EF19: 2.7038 | EG19: =_xll.IMDP("BND",DX19,EG8,DX3) -> 20290917 | EH19: =_xll.IMDP("BND",DX19,EH8,DX3) -> 4.215 | EI19: =_xll.IMDP("BND",DX19,EI8,DX3) -> 금융채 | EJ19: =_xll.IMDP("BND",DX19,EJ8,DX3) -> 은행채 | EK19: 46316 | EL19: KR6086791G90 | EM19: 086791 | EN19: 하나금융지주75 | EO19: 0 | EP19: 1.03 | EQ19: 0 | ER19: 2356443 | ES19: 10055.76 | ET19: 2.6936 | EU19: =_xll.IMDP("BND",EL19,EU8,EL3) -> 20290911 | EV19: =_xll.IMDP("BND",EL19,EV8,EL3) -> 4.272 | EW19: =_xll.IMDP("BND",EL19,EW8,EL3) -> 회사채 | EX19: =_xll.IMDP("BND",EL19,EX8,EL3) -> 회사채(일반)
A20: 46316 | B20: KR103502GA34 | C20: 03502G | D20: 국고01500-5003(20-2) | E20: 0 | F20: 0.83 | G20: 0 | H20: 995200 | I20: 5940.26 | J20: 17.9913 | K20: =_xll.IMDP("BND",B20,K8,B3) -> 20500310 | L20: =_xll.IMDP("BND",B20,L8,B3) -> 4.274 | M20: =_xll.IMDP("BND",B20,M8,B3) -> 국채 | N20: =_xll.IMDP("BND",B20,N8,B3) -> 국고채권 | O20: 46316 | P20: KR103501GG39 | Q20: 03501G | R20: 국고03500-5603(26-2) | S20: 0 | T20: 2.1 | U20: 0 | V20: 2850935 | W20: 8730.99 | X20: 17.2848 | Y20: =_xll.IMDP("BND",P20,Y8,P3) -> 20560310 | Z20: =_xll.IMDP("BND",P20,Z8,P3) -> 4.287 | AA20: =_xll.IMDP("BND",P20,AA8,P3) -> 국채 | AB20: =_xll.IMDP("BND",P20,AB8,P3) -> 국고채권 | AC20: 46316 | AD20: KR103504GE95 | AE20: 03504G | AF20: 국고02875-4409(24-10) | AG20: 0 | AH20: 3.41 | AI20: 0 | AJ20: 4924100 | AK20: 8316.35 | AL20: 13.3243 | AM20: =_xll.IMDP("BND",AD20,AM8,AD3) -> 20440910 | AN20: =_xll.IMDP("BND",AD20,AN8,AD3) -> 4.254 | AO20: =_xll.IMDP("BND",AD20,AO8,AD3) -> 국채 | AP20: =_xll.IMDP("BND",AD20,AP8,AD3) -> 국고채권 | BA20: =_xll.IMDP("BND",AR20,BA8,AR3) -> 입력오류 | BB20: =_xll.IMDP("BND",AR20,BB8,AR3) -> 입력오류 | BC20: =_xll.IMDP("BND",AR20,BC8,AR3) -> 입력오류 | BD20: =_xll.IMDP("BND",AR20,BD8,AR3) -> 입력오류 | BO20: =_xll.IMDP("BND",BF20,BO8,BF3) -> 입력오류 | BP20: =_xll.IMDP("BND",BF20,BP8,BF3) -> 입력오류 | BQ20: =_xll.IMDP("BND",BF20,BQ8,BF3) -> 입력오류 | BR20: =_xll.IMDP("BND",BF20,BR8,BF3) -> 입력오류 | BS20: 46316 | BT20: KR103503GG37 | BU20: 03503G | BV20: 국고03375-3103(26-3) | BW20: 0 | BX20: 0.98 | BY20: 0 | BZ20: 1398167 | CA20: 9789.18 | CB20: 4.0153 | CC20: =_xll.IMDP("BND",BT20,CC8,BT3) -> 20310310 | CD20: =_xll.IMDP("BND",BT20,CD8,BT3) -> 3.998 | CE20: =_xll.IMDP("BND",BT20,CE8,BT3) -> 국채 | CF20: =_xll.IMDP("BND",BT20,CF8,BT3) -> 국고채권 | CG20: 46316 | CH20: KR6089862C19 | CI20: 089862 | CJ20: 롯데렌탈56-2(녹) | CK20: 0 | CL20: 1.58 | CM20: 0 | CN20: 2004525 | CO20: 10054.61 | CP20: 0.2608 | CQ20: =_xll.IMDP("BND",CH20,CQ8,CH3) -> 20270126 | CR20: =_xll.IMDP("BND",CH20,CR8,CH3) -> 3.846 | CS20: =_xll.IMDP("BND",CH20,CS8,CH3) -> 회사채 | CT20: =_xll.IMDP("BND",CH20,CT8,CH3) -> 회사채(일반) | CU20: 46316 | CV20: KR6023763F49 | CW20: 023763 | CX20: 한국캐피탈545-3 | CY20: 0 | CZ20: 2.34 | DA20: 0 | DB20: 2423049 | DC20: 9977.86 | DD20: 0.4575 | DE20: =_xll.IMDP("BND",CV20,DE8,CV3) -> 20270409 | DF20: =_xll.IMDP("BND",CV20,DF8,CV3) -> 4.826 | DG20: =_xll.IMDP("BND",CV20,DG8,CV3) -> 금융채 | DH20: =_xll.IMDP("BND",CV20,DH8,CV3) -> 기타금융채 | DI20: 46316 | DJ20: KR103502GE63 | DK20: 03502G | DL20: 국고채권03500-3406(24-5) | DM20: 0 | DN20: 0.79 | DO20: 0 | DP20: 1247180 | DQ20: 9726.04 | DR20: 6.5257 | DS20: =_xll.IMDP("BND",DJ20,DS8,DJ3) -> 20340610 | DT20: =_xll.IMDP("BND",DJ20,DT8,DJ3) -> 4.116 | DU20: =_xll.IMDP("BND",DJ20,DU8,DJ3) -> 국채 | DV20: =_xll.IMDP("BND",DJ20,DV8,DJ3) -> 국고채권 | DW20: 46316 | DX20: KR103503GG94 | DY20: 03503G | DZ20: 국고00000-3109(26-9) | EA20: 0 | EB20: 4.01 | EC20: 0 | ED20: 4229133 | EE20: 10107.63 | EF20: 4.3722 | EG20: =_xll.IMDP("BND",DX20,EG8,DX3) -> 20310910 | EH20: =_xll.IMDP("BND",DX20,EH8,DX3) -> 3.985 | EI20: =_xll.IMDP("BND",DX20,EI8,DX3) -> 국채 | EJ20: =_xll.IMDP("BND",DX20,EJ8,DX3) -> 국고채권 | EK20: 46316 | EL20: KR6008272G92 | EM20: 008272 | EN20: 산은캐피탈794-2 | EO20: 0 | EP20: 1.03 | EQ20: 0 | ER20: 2356394 | ES20: 10056.32 | ET20: 2.0326 | EU20: =_xll.IMDP("BND",EL20,EU8,EL3) -> 20281215 | EV20: =_xll.IMDP("BND",EL20,EV8,EL3) -> 4.429 | EW20: =_xll.IMDP("BND",EL20,EW8,EL3) -> 금융채 | EX20: =_xll.IMDP("BND",EL20,EX8,EL3) -> 기타금융채
A21: 46316 | B21: KRC0350C3098 | C21: 0350C3 | D21: 국고채이자01870-3009 | E21: 0 | F21: 0.71 | G21: 0 | H21: 860484 | I21: 8581.91 | J21: 3.7395 | K21: =_xll.IMDP("BND",B21,K8,B3) -> 20300910 | L21: =_xll.IMDP("BND",B21,L8,B3) -> 4.01 | M21: =_xll.IMDP("BND",B21,M8,B3) -> 국채 | N21: =_xll.IMDP("BND",B21,N8,B3) -> 국고채권 | O21: 46316 | P21: KR103502GE63 | Q21: 03502G | R21: 국고채권03500-3406(24-5) | S21: 0 | T21: 2.05 | U21: 0 | V21: 2778837 | W21: 9726.04 | X21: 6.5257 | Y21: =_xll.IMDP("BND",P21,Y8,P3) -> 20340610 | Z21: =_xll.IMDP("BND",P21,Z8,P3) -> 4.116 | AA21: =_xll.IMDP("BND",P21,AA8,P3) -> 국채 | AB21: =_xll.IMDP("BND",P21,AB8,P3) -> 국고채권 | AC21: 46316 | AD21: KR103502GD98 | AE21: 03502G | AF21: 국고03625-5309(23-7) | AG21: 0 | AH21: 3.06 | AI21: 0 | AJ21: 4421081 | AK21: 8958.96 | AL21: 16.3566 | AM21: =_xll.IMDP("BND",AD21,AM8,AD3) -> 20530910 | AN21: =_xll.IMDP("BND",AD21,AN8,AD3) -> 4.308 | AO21: =_xll.IMDP("BND",AD21,AO8,AD3) -> 국채 | AP21: =_xll.IMDP("BND",AD21,AP8,AD3) -> 국고채권 | BA21: =_xll.IMDP("BND",AR21,BA8,AR3) -> 입력오류 | BB21: =_xll.IMDP("BND",AR21,BB8,AR3) -> 입력오류 | BC21: =_xll.IMDP("BND",AR21,BC8,AR3) -> 입력오류 | BD21: =_xll.IMDP("BND",AR21,BD8,AR3) -> 입력오류 | BO21: =_xll.IMDP("BND",BF21,BO8,BF3) -> 입력오류 | BP21: =_xll.IMDP("BND",BF21,BP8,BF3) -> 입력오류 | BQ21: =_xll.IMDP("BND",BF21,BQ8,BF3) -> 입력오류 | BR21: =_xll.IMDP("BND",BF21,BR8,BF3) -> 입력오류 | BS21: 46316 | BT21: KR103502GFC1 | BU21: 03502G | BV21: 국고03250-3512(25-11) | BW21: 0 | BX21: 0.91 | BY21: 0 | BZ21: 1296942 | CA21: 9424.3 | CB21: 7.67 | CC21: =_xll.IMDP("BND",BT21,CC8,BT3) -> 20351210 | CD21: =_xll.IMDP("BND",BT21,CD8,BT3) -> 4.17 | CE21: =_xll.IMDP("BND",BT21,CE8,BT3) -> 국채 | CF21: =_xll.IMDP("BND",BT21,CF8,BT3) -> 국고채권 | CG21: 46316 | CH21: KR6036321E13 | CI21: 036321 | CJ21: 미래에셋자산운용9 | CK21: 0 | CL21: 1.58 | CM21: 0 | CN21: 1996805 | CO21: 10016 | CP21: 0.233 | CQ21: =_xll.IMDP("BND",CH21,CQ8,CH3) -> 20270115 | CR21: =_xll.IMDP("BND",CH21,CR8,CH3) -> 3.75 | CS21: =_xll.IMDP("BND",CH21,CS8,CH3) -> 회사채 | CT21: =_xll.IMDP("BND",CH21,CT8,CH3) -> 회사채(일반) | CU21: 46316 | CV21: KR6046294FB2 | CW21: 046294 | CX21: 엠지캐피탈390-4 | CY21: 0 | CZ21: 2.34 | DA21: 0 | DB21: 2420929 | DC21: 9968.98 | DD21: 1.0411 | DE21: =_xll.IMDP("BND",CV21,DE8,CV3) -> 20271119 | DF21: =_xll.IMDP("BND",CV21,DF8,CV3) -> 5.282 | DG21: =_xll.IMDP("BND",CV21,DG8,CV3) -> 금융채 | DH21: =_xll.IMDP("BND",CV21,DH8,CV3) -> 기타금융채 | DI21: 46316 | DJ21: KR6205491F66 | DK21: 205491 | DL21: 하나카드281-1 | DM21: 0 | DN21: 0.74 | DO21: 0 | DP21: 1175496 | DQ21: 9852.73 | DR21: 1.1906 | DS21: =_xll.IMDP("BND",DJ21,DS8,DJ3) -> 20280110 | DT21: =_xll.IMDP("BND",DJ21,DT8,DJ3) -> 4.225 | DU21: =_xll.IMDP("BND",DJ21,DU8,DJ3) -> 금융채 | DV21: =_xll.IMDP("BND",DJ21,DV8,DJ3) -> 카드 | DW21: 46316 | DX21: KR4A656C0009 | DY21: A656C000 | DZ21: 2026-12 국채선물3(신) | EA21: 0 | EB21: 3.91 | EC21: -0.04 | ED21: -4122400 | EG21: =_xll.IMDP("BND",DX21,EG8,DX3) | EH21: =_xll.IMDP("BND",DX21,EH8,DX3) | EI21: =_xll.IMDP("BND",DX21,EI8,DX3) | EJ21: =_xll.IMDP("BND",DX21,EJ8,DX3) | EK21: 46316 | EL21: KR6169375F24 | EM21: 169375 | EN21: 메리츠캐피탈271-5 | EO21: 0 | EP21: 1.03 | EQ21: 0 | ER21: 2346455 | ES21: 10014.33 | ET21: 0.7808 | EU21: =_xll.IMDP("BND",EL21,EU8,EL3) -> 20270810 | EV21: =_xll.IMDP("BND",EL21,EV8,EL3) -> 4.747 | EW21: =_xll.IMDP("BND",EL21,EW8,EL3) -> 금융채 | EX21: =_xll.IMDP("BND",EL21,EX8,EL3) -> 기타금융채
A22: 46316 | B22: KR103502G933 | C22: 03502G | D22: 국고02000-4903(19-2) | E22: 0 | F22: 0.71 | G22: 0 | H22: 858150 | I22: 6719.49 | J22: 16.5686 | K22: =_xll.IMDP("BND",B22,K8,B3) -> 20490310 | L22: =_xll.IMDP("BND",B22,L8,B3) -> 4.315 | M22: =_xll.IMDP("BND",B22,M8,B3) -> 국채 | N22: =_xll.IMDP("BND",B22,N8,B3) -> 국고채권 | O22: 46316 | P22: KR103502GC99 | Q22: 03502G | R22: 국고03125-5209(22-9) | S22: 0 | T22: 1.97 | U22: 0 | V22: 2672378 | W22: 8183.03 | X22: 16.5318 | Y22: =_xll.IMDP("BND",P22,Y8,P3) -> 20520910 | Z22: =_xll.IMDP("BND",P22,Z8,P3) -> 4.32 | AA22: =_xll.IMDP("BND",P22,AA8,P3) -> 국채 | AB22: =_xll.IMDP("BND",P22,AB8,P3) -> 국고채권 | AC22: 46316 | AD22: KR103504GC97 | AE22: 03504G | AF22: 국고03250-4209(22-11) | AG22: 0 | AH22: 2.43 | AI22: 0 | AJ22: 3500415 | AK22: 8867.54 | AL22: 11.9722 | AM22: =_xll.IMDP("BND",AD22,AM8,AD3) -> 20420910 | AN22: =_xll.IMDP("BND",AD22,AN8,AD3) -> 4.27 | AO22: =_xll.IMDP("BND",AD22,AO8,AD3) -> 국채 | AP22: =_xll.IMDP("BND",AD22,AP8,AD3) -> 국고채권 | BA22: =_xll.IMDP("BND",AR22,BA8,AR3) -> 입력오류 | BB22: =_xll.IMDP("BND",AR22,BB8,AR3) -> 입력오류 | BC22: =_xll.IMDP("BND",AR22,BC8,AR3) -> 입력오류 | BD22: =_xll.IMDP("BND",AR22,BD8,AR3) -> 입력오류 | BO22: =_xll.IMDP("BND",BF22,BO8,BF3) -> 입력오류 | BP22: =_xll.IMDP("BND",BF22,BP8,BF3) -> 입력오류 | BQ22: =_xll.IMDP("BND",BF22,BQ8,BF3) -> 입력오류 | BR22: =_xll.IMDP("BND",BF22,BR8,BF3) -> 입력오류 | BS22: 46316 | BT22: KR353603GG11 | BU22: 53603G | BV22: 경기주택도시공사26-01-128 | BW22: 0 | BX22: 0.9 | BY22: 0 | BZ22: 1285695 | CA22: 9971.14 | CB22: 1.2034 | CC22: =_xll.IMDP("BND",BT22,CC8,BT3) -> 20280121 | CD22: =_xll.IMDP("BND",BT22,CD8,BT3) -> 4.083 | CE22: =_xll.IMDP("BND",BT22,CE8,BT3) -> 공사공단채 | CF22: =_xll.IMDP("BND",BT22,CF8,BT3) -> 지방공기업 | CG22: 46316 | CH22: KRZS42059159 | CI22: S42059 | CJ22: 키움에프앤아이 20260819-91-7(단) | CK22: 0 | CL22: 1.57 | CM22: 0 | CN22: 1987979 | CQ22: =_xll.IMDP("BND",CH22,CQ8,CH3) | CR22: =_xll.IMDP("BND",CH22,CR8,CH3) | CS22: =_xll.IMDP("BND",CH22,CS8,CH3) | CT22: =_xll.IMDP("BND",CH22,CT8,CH3) | CU22: 46316 | CV22: KR6375502E73 | CW22: 375502 | CX22: DL이앤씨2-2 | CY22: 0 | CZ22: 2.34 | DA22: 0 | DB22: 2420167 | DC22: 9965.41 | DD22: 0.7032 | DE22: =_xll.IMDP("BND",CV22,DE8,CV3) -> 20270709 | DF22: =_xll.IMDP("BND",CV22,DF8,CV3) -> 4.306 | DG22: =_xll.IMDP("BND",CV22,DG8,CV3) -> 회사채 | DH22: =_xll.IMDP("BND",CV22,DH8,CV3) -> 회사채(일반) | DI22: 46316 | DJ22: KR103502GE97 | DK22: 03502G | DL22: 국고채권02750-5409(24-8) | DM22: 0 | DN22: 0.67 | DO22: 0 | DP22: 1057292 | DQ22: 7534.48 | DR22: 17.7308 | DS22: =_xll.IMDP("BND",DJ22,DS8,DJ3) -> 20540910 | DT22: =_xll.IMDP("BND",DJ22,DT8,DJ3) -> 4.294 | DU22: =_xll.IMDP("BND",DJ22,DU8,DJ3) -> 국채 | DV22: =_xll.IMDP("BND",DJ22,DV8,DJ3) -> 국고채권 | DW22: 46316 | DX22: KR601945AG73 | DY22: 01945A | DZ22: 아이비케이캐피탈357-2 | EA22: 0 | EB22: 3.01 | EC22: 0 | ED22: 3174018 | EE22: 10114.25 | EF22: 1.7435 | EG22: =_xll.IMDP("BND",DX22,EG8,DX3) -> 20280824 | EH22: =_xll.IMDP("BND",DX22,EH8,DX3) -> 4.358 | EI22: =_xll.IMDP("BND",DX22,EI8,DX3) -> 금융채 | EJ22: =_xll.IMDP("BND",DX22,EJ8,DX3) -> 기타금융채 | EK22: 46316 | EL22: KR6139132C32 | EM22: 139132 | EN22: iM금융지주19 | EO22: 0 | EP22: 1.02 | EQ22: 0 | ER22: 2344465 | ES22: 10005.87 | ET22: 0.4354 | EU22: =_xll.IMDP("BND",EL22,EU8,EL3) -> 20270330 | EV22: =_xll.IMDP("BND",EL22,EV8,EL3) -> 3.901 | EW22: =_xll.IMDP("BND",EL22,EW8,EL3) -> 회사채 | EX22: =_xll.IMDP("BND",EL22,EX8,EL3) -> 회사채(일반)
A23: 46316 | B23: KR103502G891 | C23: 03502G | D23: 국고02375-3809(18-7) | E23: 0 | F23: 0.7 | G23: 0 | H23: 842038 | I23: 8342.88 | J23: 10.0095 | K23: =_xll.IMDP("BND",B23,K8,B3) -> 20380910 | L23: =_xll.IMDP("BND",B23,L8,B3) -> 4.187 | M23: =_xll.IMDP("BND",B23,M8,B3) -> 국채 | N23: =_xll.IMDP("BND",B23,N8,B3) -> 국고채권 | O23: 46316 | P23: KR103502GD98 | Q23: 03502G | R23: 국고03625-5309(23-7) | S23: 0 | T23: 1.89 | U23: 0 | V23: 2560017 | W23: 8958.96 | X23: 16.3566 | Y23: =_xll.IMDP("BND",P23,Y8,P3) -> 20530910 | Z23: =_xll.IMDP("BND",P23,Z8,P3) -> 4.308 | AA23: =_xll.IMDP("BND",P23,AA8,P3) -> 국채 | AB23: =_xll.IMDP("BND",P23,AB8,P3) -> 국고채권 | AC23: 46316 | AD23: KR103502GB33 | AE23: 03502G | AF23: 국고01875-5103(21-2) | AG23: 0 | AH23: 2.19 | AI23: 0 | AJ23: 3158999 | AK23: 6402.24 | AL23: 17.7604 | AM23: =_xll.IMDP("BND",AD23,AM8,AD3) -> 20510310 | AN23: =_xll.IMDP("BND",AD23,AN8,AD3) -> 4.28 | AO23: =_xll.IMDP("BND",AD23,AO8,AD3) -> 국채 | AP23: =_xll.IMDP("BND",AD23,AP8,AD3) -> 국고채권 | BA23: =_xll.IMDP("BND",AR23,BA8,AR3) -> 입력오류 | BB23: =_xll.IMDP("BND",AR23,BB8,AR3) -> 입력오류 | BC23: =_xll.IMDP("BND",AR23,BC8,AR3) -> 입력오류 | BD23: =_xll.IMDP("BND",AR23,BD8,AR3) -> 입력오류 | BO23: =_xll.IMDP("BND",BF23,BO8,BF3) -> 입력오류 | BP23: =_xll.IMDP("BND",BF23,BP8,BF3) -> 입력오류 | BQ23: =_xll.IMDP("BND",BF23,BQ8,BF3) -> 입력오류 | BR23: =_xll.IMDP("BND",BF23,BR8,BF3) -> 입력오류 | BS23: 46316 | BT23: KR1035027WC3 | BU23: 035027 | BV23: 국고05500-2912(09-5) | BW23: 0 | BX23: 0.84 | BY23: 0 | BZ23: 1201192 | CA23: 10667.13 | CB23: 2.8225 | CC23: =_xll.IMDP("BND",BT23,CC8,BT3) -> 20291210 | CD23: =_xll.IMDP("BND",BT23,CD8,BT3) -> 3.899 | CE23: =_xll.IMDP("BND",BT23,CE8,BT3) -> 국채 | CF23: =_xll.IMDP("BND",BT23,CF8,BT3) -> 국고채권 | CG23: 46316 | CH23: KRZS08986021 | CI23: S08986 | CJ23: 롯데렌탈 20260921-60-3(단) | CK23: 0 | CL23: 1.34 | CM23: 0 | CN23: 1699015 | CQ23: =_xll.IMDP("BND",CH23,CQ8,CH3) | CR23: =_xll.IMDP("BND",CH23,CR8,CH3) | CS23: =_xll.IMDP("BND",CH23,CS8,CH3) | CT23: =_xll.IMDP("BND",CH23,CT8,CH3) | CU23: 46316 | CV23: KR6021963G40 | CW23: 021963 | CX23: 케이비캐피탈580-3 | CY23: 0 | CZ23: 2.34 | DA23: 0 | DB23: 2419773 | DC23: 9964.51 | DD23: 1.4195 | DE23: =_xll.IMDP("BND",CV23,DE8,CV3) -> 20280410 | DF23: =_xll.IMDP("BND",CV23,DF8,CV3) -> 4.272 | DG23: =_xll.IMDP("BND",CV23,DG8,CV3) -> 금융채 | DH23: =_xll.IMDP("BND",CV23,DH8,CV3) -> 기타금융채 | DI23: 46316 | DJ23: KR103503GF38 | DK23: 03503G | DL23: 국고채권02625-3003(25-3) | DM23: 0 | DN23: 0.64 | DO23: 0 | DP23: 1009865 | DQ23: 9618.51 | DR23: 3.1881 | DS23: =_xll.IMDP("BND",DJ23,DS8,DJ3) -> 20300310 | DT23: =_xll.IMDP("BND",DJ23,DT8,DJ3) -> 3.932 | DU23: =_xll.IMDP("BND",DJ23,DU8,DJ3) -> 국채 | DV23: =_xll.IMDP("BND",DJ23,DV8,DJ3) -> 국고채권 | DW23: 46316 | DX23: KR6019458G87 | DY23: 019458 | DZ23: 아이비케이캐피탈359-3(녹) | EA23: 0 | EB23: 3 | EC23: 0 | ED23: 3155974 | EE23: 10056.02 | EF23: 2.6424 | EG23: =_xll.IMDP("BND",DX23,EG8,DX3) -> 20290824 | EH23: =_xll.IMDP("BND",DX23,EH8,DX3) -> 4.451 | EI23: =_xll.IMDP("BND",DX23,EI8,DX3) -> 금융채 | EJ23: =_xll.IMDP("BND",DX23,EJ8,DX3) -> 기타금융채 | EK23: 46316 | EL23: KR6169372F43 | EM23: 169372 | EN23: 메리츠캐피탈276-2 | EO23: 0 | EP23: 1.02 | EQ23: 0 | ER23: 2343345 | ES23: 10001.19 | ET23: 0.2221 | EU23: =_xll.IMDP("BND",EL23,EU8,EL3) -> 20270111 | EV23: =_xll.IMDP("BND",EL23,EV8,EL3) -> 3.978 | EW23: =_xll.IMDP("BND",EL23,EW8,EL3) -> 금융채 | EX23: =_xll.IMDP("BND",EL23,EX8,EL3) -> 기타금융채
A24: 46316 | B24: KR103502GC99 | C24: 03502G | D24: 국고03125-5209(22-9) | E24: 0 | F24: 0.66 | G24: 0 | H24: 795712 | I24: 8183.03 | J24: 16.5318 | K24: =_xll.IMDP("BND",B24,K8,B3) -> 20520910 | L24: =_xll.IMDP("BND",B24,L8,B3) -> 4.32 | M24: =_xll.IMDP("BND",B24,M8,B3) -> 국채 | N24: =_xll.IMDP("BND",B24,N8,B3) -> 국고채권 | O24: 46316 | P24: KR103504GE95 | Q24: 03504G | R24: 국고02875-4409(24-10) | S24: 0 | T24: 1.75 | U24: 0 | V24: 2376074 | W24: 8316.35 | X24: 13.3243 | Y24: =_xll.IMDP("BND",P24,Y8,P3) -> 20440910 | Z24: =_xll.IMDP("BND",P24,Z8,P3) -> 4.254 | AA24: =_xll.IMDP("BND",P24,AA8,P3) -> 국채 | AB24: =_xll.IMDP("BND",P24,AB8,P3) -> 국고채권 | AC24: 46316 | AD24: KR103502GE30 | AE24: 03502G | AF24: 국고03250-5403(24-2) | AG24: 0 | AH24: 2.09 | AI24: 0 | AJ24: 3020694 | AK24: 8346.45 | AL24: 16.9163 | AM24: =_xll.IMDP("BND",AD24,AM8,AD3) -> 20540310 | AN24: =_xll.IMDP("BND",AD24,AN8,AD3) -> 4.306 | AO24: =_xll.IMDP("BND",AD24,AO8,AD3) -> 국채 | AP24: =_xll.IMDP("BND",AD24,AP8,AD3) -> 국고채권 | BA24: =_xll.IMDP("BND",AR24,BA8,AR3) -> 입력오류 | BB24: =_xll.IMDP("BND",AR24,BB8,AR3) -> 입력오류 | BC24: =_xll.IMDP("BND",AR24,BC8,AR3) -> 입력오류 | BD24: =_xll.IMDP("BND",AR24,BD8,AR3) -> 입력오류 | BO24: =_xll.IMDP("BND",BF24,BO8,BF3) -> 입력오류 | BP24: =_xll.IMDP("BND",BF24,BP8,BF3) -> 입력오류 | BQ24: =_xll.IMDP("BND",BF24,BQ8,BF3) -> 입력오류 | BR24: =_xll.IMDP("BND",BF24,BR8,BF3) -> 입력오류 | BS24: 46316 | BT24: KR103502GC32 | BU24: 03502G | BV24: 국고02500-5203(22-2) | BW24: 0 | BX24: 0.81 | BY24: 0 | BZ24: 1151325 | CA24: 7236.69 | CB24: 17.144 | CC24: =_xll.IMDP("BND",BT24,CC8,BT3) -> 20520310 | CD24: =_xll.IMDP("BND",BT24,CD8,BT3) -> 4.321 | CE24: =_xll.IMDP("BND",BT24,CE8,BT3) -> 국채 | CF24: =_xll.IMDP("BND",BT24,CF8,BT3) -> 국고채권 | CG24: 46316 | CH24: KR6029694DB9 | CI24: 029694 | CJ24: 롯데캐피탈449-4 | CK24: 0 | CL24: 1.21 | CM24: 0 | CN24: 1527526 | CO24: 10106.11 | CP24: 0.0823 | CQ24: =_xll.IMDP("BND",CH24,CQ8,CH3) -> 20261120 | CR24: =_xll.IMDP("BND",CH24,CR8,CH3) -> 3.869 | CS24: =_xll.IMDP("BND",CH24,CS8,CH3) -> 금융채 | CT24: =_xll.IMDP("BND",CH24,CT8,CH3) -> 기타금융채 | CU24: 46316 | CV24: KR6030624EB1 | CW24: 030624 | CX24: 롯데카드548-4 | CY24: 0 | CZ24: 2.33 | DA24: 0 | DB24: 2417355 | DC24: 9954.82 | DD24: 1.027 | DE24: =_xll.IMDP("BND",CV24,DE8,CV3) -> 20271112 | DF24: =_xll.IMDP("BND",CV24,DF8,CV3) -> 4.636 | DG24: =_xll.IMDP("BND",CV24,DG8,CV3) -> 금융채 | DH24: =_xll.IMDP("BND",CV24,DH8,CV3) -> 카드 | DI24: 46316 | DJ24: KR103502GAC2 | DK24: 03502G | DL24: 국고채권01500-3012(20-9) | DM24: 0 | DN24: 0.62 | DO24: 0 | DP24: 976564 | DQ24: 9114.89 | DR24: 3.9196 | DS24: =_xll.IMDP("BND",DJ24,DS8,DJ3) -> 20301210 | DT24: =_xll.IMDP("BND",DJ24,DT8,DJ3) -> 3.985 | DU24: =_xll.IMDP("BND",DJ24,DU8,DJ3) -> 국채 | DV24: =_xll.IMDP("BND",DJ24,DV8,DJ3) -> 국고채권 | DW24: 46316 | DX24: KR103501GG96 | DY24: 03501G | DZ24: 국고03625-2809(26-7) | EA24: 0 | EB24: 1.99 | EC24: 0 | ED24: 2094093 | EE24: 10009.77 | EF24: 1.8017 | EG24: =_xll.IMDP("BND",DX24,EG8,DX3) -> 20280910 | EH24: =_xll.IMDP("BND",DX24,EH8,DX3) -> 3.795 | EI24: =_xll.IMDP("BND",DX24,EI8,DX3) -> 국채 | EJ24: =_xll.IMDP("BND",DX24,EJ8,DX3) -> 국고채권 | EK24: 46316 | EL24: KR354701GE87 | EM24: 54701G | EN24: 부산교통공사2024-09(녹) | EO24: 0 | EP24: 1.02 | EQ24: 0 | ER24: 2342457 | ES24: 9997.5 | ET24: 0.7741 | EU24: =_xll.IMDP("BND",EL24,EU8,EL3) -> 20270806 | EV24: =_xll.IMDP("BND",EL24,EV8,EL3) -> 4.049 | EW24: =_xll.IMDP("BND",EL24,EW8,EL3) -> 공사공단채 | EX24: =_xll.IMDP("BND",EL24,EX8,EL3) -> 지방공기업
A25: 46316 | B25: KR103503G865 | C25: 03503G | D25: 물가01750-2806(18-5) | E25: 0 | F25: 0.64 | G25: 0 | H25: 775055 | I25: 12467.34 | J25: 1.6089 | K25: =_xll.IMDP("BND",B25,K8,B3) -> 20280610 | L25: =_xll.IMDP("BND",B25,L8,B3) -> 0.459 | M25: =_xll.IMDP("BND",B25,M8,B3) -> 국채 | N25: =_xll.IMDP("BND",B25,N8,B3) -> 국고채권 | O25: 46316 | P25: KR103502GA91 | Q25: 03502G | R25: 국고01500-4009(20-7) | S25: 0 | T25: 1.68 | U25: 0 | V25: 2285109 | W25: 7178.16 | X25: 12.0019 | Y25: =_xll.IMDP("BND",P25,Y8,P3) -> 20400910 | Z25: =_xll.IMDP("BND",P25,Z8,P3) -> 4.222 | AA25: =_xll.IMDP("BND",P25,AA8,P3) -> 국채 | AB25: =_xll.IMDP("BND",P25,AB8,P3) -> 국고채권 | AC25: 46316 | AD25: KR103502G735 | AE25: 03502G | AF25: 국고02125-4703(17-1) | AG25: 0 | AH25: 1.78 | AI25: 0 | AJ25: 2572845 | AK25: 7110.6 | AL25: 15.3943 | AM25: =_xll.IMDP("BND",AD25,AM8,AD3) -> 20470310 | AN25: =_xll.IMDP("BND",AD25,AN8,AD3) -> 4.281 | AO25: =_xll.IMDP("BND",AD25,AO8,AD3) -> 국채 | AP25: =_xll.IMDP("BND",AD25,AP8,AD3) -> 국고채권 | BA25: =_xll.IMDP("BND",AR25,BA8,AR3) -> 입력오류 | BB25: =_xll.IMDP("BND",AR25,BB8,AR3) -> 입력오류 | BC25: =_xll.IMDP("BND",AR25,BC8,AR3) -> 입력오류 | BD25: =_xll.IMDP("BND",AR25,BD8,AR3) -> 입력오류 | BO25: =_xll.IMDP("BND",BF25,BO8,BF3) -> 입력오류 | BP25: =_xll.IMDP("BND",BF25,BP8,BF3) -> 입력오류 | BQ25: =_xll.IMDP("BND",BF25,BQ8,BF3) -> 입력오류 | BR25: =_xll.IMDP("BND",BF25,BR8,BF3) -> 입력오류 | BS25: 46316 | BT25: KR103504GF94 | BU25: 03504G | BV25: 국고02750-4509(25-9) | BW25: 0 | BX25: 0.8 | BY25: 0 | BZ25: 1145520 | CA25: 8076.96 | CB25: 13.9471 | CC25: =_xll.IMDP("BND",BT25,CC8,BT3) -> 20450910 | CD25: =_xll.IMDP("BND",BT25,CD8,BT3) -> 4.267 | CE25: =_xll.IMDP("BND",BT25,CE8,BT3) -> 국채 | CF25: =_xll.IMDP("BND",BT25,CF8,BT3) -> 국고채권 | CG25: 46316 | CH25: KR6095233EB3 | CI25: 095233 | CJ25: 애큐온캐피탈234-3 | CK25: 0 | CL25: 1.21 | CM25: 0 | CN25: 1527051 | CO25: 10103.04 | CP25: 0.0551 | CQ25: =_xll.IMDP("BND",CH25,CQ8,CH3) -> 20261110 | CR25: =_xll.IMDP("BND",CH25,CR8,CH3) -> 4.345 | CS25: =_xll.IMDP("BND",CH25,CS8,CH3) -> 금융채 | CT25: =_xll.IMDP("BND",CH25,CT8,CH3) -> 기타금융채 | CU25: 46316 | CV25: KR6160721F65 | CW25: 160721 | CX25: 현대케피코13-1 | CY25: 0 | CZ25: 2.33 | DA25: 0 | DB25: 2416150 | DC25: 9949.42 | DD25: 0.6229 | DE25: =_xll.IMDP("BND",CV25,DE8,CV3) -> 20270609 | DF25: =_xll.IMDP("BND",CV25,DF8,CV3) -> 4.259 | DG25: =_xll.IMDP("BND",CV25,DG8,CV3) -> 회사채 | DH25: =_xll.IMDP("BND",CV25,DH8,CV3) -> 회사채(일반) | DI25: 46316 | DJ25: KR350114GG68 | DK25: 50114G | DL25: 한국전력공사채권1598 | DM25: 0 | DN25: 0.61 | DO25: 0 | DP25: 967816 | DQ25: 10139.12 | DR25: 1.5821 | DS25: =_xll.IMDP("BND",DJ25,DS8,DJ3) -> 20280623 | DT25: =_xll.IMDP("BND",DJ25,DT8,DJ3) -> 4.11 | DU25: =_xll.IMDP("BND",DJ25,DU8,DJ3) -> 공사공단채 | DV25: =_xll.IMDP("BND",DJ25,DV8,DJ3) -> 일반 | DW25: 46316 | DX25: KR6140173B31 | DY25: 140173 | DZ25: 케이비국민카드324-3 | EA25: 0 | EB25: 0.99 | EC25: 0 | ED25: 1040900 | EE25: 9950.54 | EF25: 0.3849 | EG25: =_xll.IMDP("BND",DX25,EG8,DX3) -> 20270311 | EH25: =_xll.IMDP("BND",DX25,EH8,DX3) -> 3.786 | EI25: =_xll.IMDP("BND",DX25,EI8,DX3) -> 금융채 | EJ25: =_xll.IMDP("BND",DX25,EJ8,DX3) -> 카드 | EK25: 46316 | EL25: KR6145761F59 | EM25: 145761 | EN25: BNK캐피탈375-1 | EO25: 0 | EP25: 1.02 | EQ25: 0 | ER25: 2340210 | ES25: 9987.86 | ET25: 0.5392 | EU25: =_xll.IMDP("BND",EL25,EU8,EL3) -> 20270510 | EV25: =_xll.IMDP("BND",EL25,EV8,EL3) -> 4.084 | EW25: =_xll.IMDP("BND",EL25,EW8,EL3) -> 금융채 | EX25: =_xll.IMDP("BND",EL25,EX8,EL3) -> 기타금융채
A26: 46316 | B26: KR103502GF96 | C26: 03502G | D26: 국고02625-5509(25-7) | E26: 0 | F26: 0.6 | G26: 0 | H26: 719972 | I26: 7289.55 | J26: 18.2572 | K26: =_xll.IMDP("BND",B26,K8,B3) -> 20550910 | L26: =_xll.IMDP("BND",B26,L8,B3) -> 4.288 | M26: =_xll.IMDP("BND",B26,M8,B3) -> 국채 | N26: =_xll.IMDP("BND",B26,N8,B3) -> 국고채권 | O26: 46316 | P26: KR350703GA53 | Q26: 50703G | R26: 도로공사738 | S26: 0 | T26: 1.65 | U26: 0 | V26: 2244169 | W26: 9163.32 | X26: 3.4221 | Y26: =_xll.IMDP("BND",P26,Y8,P3) -> 20300528 | Z26: =_xll.IMDP("BND",P26,Z8,P3) -> 4.209 | AA26: =_xll.IMDP("BND",P26,AA8,P3) -> 공사공단채 | AB26: =_xll.IMDP("BND",P26,AB8,P3) -> 일반 | AC26: 46316 | AD26: KR103502GF39 | AE26: 03502G | AF26: 국고02625-5503(25-2) | AG26: 0 | AH26: 1.33 | AI26: 0 | AJ26: 1923159 | AK26: 7306.91 | AL26: 18.0836 | AM26: =_xll.IMDP("BND",AD26,AM8,AD3) -> 20550310 | AN26: =_xll.IMDP("BND",AD26,AN8,AD3) -> 4.293 | AO26: =_xll.IMDP("BND",AD26,AO8,AD3) -> 국채 | AP26: =_xll.IMDP("BND",AD26,AP8,AD3) -> 국고채권 | BA26: =_xll.IMDP("BND",AR26,BA8,AR3) -> 입력오류 | BB26: =_xll.IMDP("BND",AR26,BB8,AR3) -> 입력오류 | BC26: =_xll.IMDP("BND",AR26,BC8,AR3) -> 입력오류 | BD26: =_xll.IMDP("BND",AR26,BD8,AR3) -> 입력오류 | BO26: =_xll.IMDP("BND",BF26,BO8,BF3) -> 입력오류 | BP26: =_xll.IMDP("BND",BF26,BP8,BF3) -> 입력오류 | BQ26: =_xll.IMDP("BND",BF26,BQ8,BF3) -> 입력오류 | BR26: =_xll.IMDP("BND",BF26,BR8,BF3) -> 입력오류 | BS26: 46316 | BT26: KR4A676C0005 | BU26: A676C000 | BV26: 2026-12 국채선물10(신) | BW26: 0 | BX26: 0.75 | BY26: 0.01 | BZ26: 1065700 | CC26: =_xll.IMDP("BND",BT26,CC8,BT3) | CD26: =_xll.IMDP("BND",BT26,CD8,BT3) | CE26: =_xll.IMDP("BND",BT26,CE8,BT3) | CF26: =_xll.IMDP("BND",BT26,CF8,BT3) | CG26: 46316 | CH26: KRZS42059150 | CI26: S42059 | CJ26: 키움에프앤아이 20260724-91-12(단) | CK26: 0 | CL26: 1.19 | CM26: 0 | CN26: 1511177 | CQ26: =_xll.IMDP("BND",CH26,CQ8,CH3) | CR26: =_xll.IMDP("BND",CH26,CR8,CH3) | CS26: =_xll.IMDP("BND",CH26,CS8,CH3) | CT26: =_xll.IMDP("BND",CH26,CT8,CH3) | CU26: 46316 | CV26: KR6489792G20 | CW26: 489792 | CX26: 한화비전1-2 | CY26: 0 | CZ26: 2.33 | DA26: 0 | DB26: 2414013 | DC26: 9940.61 | DD26: 2.1709 | DE26: =_xll.IMDP("BND",CV26,DE8,CV3) -> 20290209 | DF26: =_xll.IMDP("BND",CV26,DF8,CV3) -> 4.642 | DG26: =_xll.IMDP("BND",CV26,DG8,CV3) -> 회사채 | DH26: =_xll.IMDP("BND",CV26,DH8,CV3) -> 회사채(일반) | DI26: 46316 | DJ26: KR6095926C85 | DK26: 095926 | DL26: 현대커머셜449-3 | DM26: 0 | DN26: 0.61 | DO26: 0 | DP26: 966705 | DQ26: 10127.5 | DR26: 0.8136 | DS26: =_xll.IMDP("BND",DJ26,DS8,DJ3) -> 20270823 | DT26: =_xll.IMDP("BND",DJ26,DT8,DJ3) -> 4.263 | DU26: =_xll.IMDP("BND",DJ26,DU8,DJ3) -> 금융채 | DV26: =_xll.IMDP("BND",DJ26,DV8,DJ3) -> 기타금융채 | DW26: 46316 | DX26: KR103503GF95 | DY26: 03503G | DZ26: 국고02500-3009(25-8) | EA26: 0 | EB26: 0.57 | EC26: 0 | ED26: 596334 | EE26: 9501.73 | EF26: 3.6419 | EG26: =_xll.IMDP("BND",DX26,EG8,DX3) -> 20300910 | EH26: =_xll.IMDP("BND",DX26,EH8,DX3) -> 3.974 | EI26: =_xll.IMDP("BND",DX26,EI8,DX3) -> 국채 | EJ26: =_xll.IMDP("BND",DX26,EJ8,DX3) -> 국고채권 | EK26: 46316 | EL26: KR355201GF39 | EM26: 55201G | EN26: 충북개발공사(음성) 2025-03 | EO26: 0 | EP26: 1.02 | EQ26: 0 | ER26: 2339763 | ES26: 9985.89 | ET26: 0.4305 | EU26: =_xll.IMDP("BND",EL26,EU8,EL3) -> 20270328 | EV26: =_xll.IMDP("BND",EL26,EV8,EL3) -> 3.727 | EW26: =_xll.IMDP("BND",EL26,EW8,EL3) -> 공사공단채 | EX26: =_xll.IMDP("BND",EL26,EX8,EL3) -> 지방공기업
A27: 46316 | B27: KR6066574D31 | C27: 066574 | D27: LG전자100-4 | E27: 0 | F27: 0.57 | G27: 0 | H27: 691195 | I27: 10340.76 | J27: 5.4521 | K27: =_xll.IMDP("BND",B27,K8,B3) -> 20330307 | L27: =_xll.IMDP("BND",B27,L8,B3) -> 4.331 | M27: =_xll.IMDP("BND",B27,M8,B3) -> 회사채 | N27: =_xll.IMDP("BND",B27,N8,B3) -> 회사채(일반) | O27: 46316 | P27: KR103502GE97 | Q27: 03502G | R27: 국고02750-5409(24-8) | S27: 0 | T27: 1.59 | U27: 0 | V27: 2152900 | W27: 7534.48 | X27: 17.7308 | Y27: =_xll.IMDP("BND",P27,Y8,P3) -> 20540910 | Z27: =_xll.IMDP("BND",P27,Z8,P3) -> 4.294 | AA27: =_xll.IMDP("BND",P27,AA8,P3) -> 국채 | AB27: =_xll.IMDP("BND",P27,AB8,P3) -> 국고채권 | AC27: 46316 | AD27: KR103502G4C9 | AE27: 03502G | AF27: 국고02750-4412(국고14-7) | AG27: 0 | AH27: 1.12 | AI27: 0 | AJ27: 1617159 | AK27: 8192.42 | AL27: 13.4418 | AM27: =_xll.IMDP("BND",AD27,AM8,AD3) -> 20441210 | AN27: =_xll.IMDP("BND",AD27,AN8,AD3) -> 4.271 | AO27: =_xll.IMDP("BND",AD27,AO8,AD3) -> 국채 | AP27: =_xll.IMDP("BND",AD27,AP8,AD3) -> 국고채권 | BA27: =_xll.IMDP("BND",AR27,BA8,AR3) -> 입력오류 | BB27: =_xll.IMDP("BND",AR27,BB8,AR3) -> 입력오류 | BC27: =_xll.IMDP("BND",AR27,BC8,AR3) -> 입력오류 | BD27: =_xll.IMDP("BND",AR27,BD8,AR3) -> 입력오류 | BO27: =_xll.IMDP("BND",BF27,BO8,BF3) -> 입력오류 | BP27: =_xll.IMDP("BND",BF27,BP8,BF3) -> 입력오류 | BQ27: =_xll.IMDP("BND",BF27,BQ8,BF3) -> 입력오류 | BR27: =_xll.IMDP("BND",BF27,BR8,BF3) -> 입력오류 | BS27: 46316 | BT27: KR103502GBC0 | BU27: 03502G | BV27: 국고02375-3112(21-11) | BW27: 0 | BX27: 0.74 | BY27: 0 | BZ27: 1054236 | CA27: 9344.93 | CB27: 4.7166 | CC27: =_xll.IMDP("BND",BT27,CC8,BT3) -> 20311210 | CD27: =_xll.IMDP("BND",BT27,CD8,BT3) -> 3.984 | CE27: =_xll.IMDP("BND",BT27,CE8,BT3) -> 국채 | CF27: =_xll.IMDP("BND",BT27,CF8,BT3) -> 국고채권 | CG27: 46316 | CH27: KRZS10334772 | CI27: S10334 | CJ27: 대신에프앤아이 20261014-92-6(단) | CK27: 0 | CL27: 1.18 | CM27: 0 | CN27: 1497163 | CQ27: =_xll.IMDP("BND",CH27,CQ8,CH3) | CR27: =_xll.IMDP("BND",CH27,CR8,CH3) | CS27: =_xll.IMDP("BND",CH27,CS8,CH3) | CT27: =_xll.IMDP("BND",CH27,CT8,CH3) | CU27: 46316 | CV27: KR6310106F53 | CW27: 310106 | CX27: 키움캐피탈220-2 | CY27: 0 | CZ27: 2.33 | DA27: 0 | DB27: 2412717 | DC27: 9934.9 | DD27: 1.5206 | DE27: =_xll.IMDP("BND",CV27,DE8,CV3) -> 20280526 | DF27: =_xll.IMDP("BND",CV27,DF8,CV3) -> 5.351 | DG27: =_xll.IMDP("BND",CV27,DG8,CV3) -> 금융채 | DH27: =_xll.IMDP("BND",CV27,DH8,CV3) -> 기타금융채 | DI27: 46316 | DJ27: KR350803GG98 | DK27: 50803G | DL27: 한국가스공사573 | DM27: 0 | DN27: 0.61 | DO27: 0 | DP27: 961147 | DQ27: 10070.09 | DR27: 2.6919 | DS27: =_xll.IMDP("BND",DJ27,DS8,DJ3) -> 20290910 | DT27: =_xll.IMDP("BND",DJ27,DT8,DJ3) -> 4.212 | DU27: =_xll.IMDP("BND",DJ27,DU8,DJ3) -> 공사공단채 | DV27: =_xll.IMDP("BND",DJ27,DV8,DJ3) -> 일반 | DW27: 46316 | DX27: KR103503GG60 | DY27: 03503G | DZ27: 국고04250-3606(26-6) | EA27: 0 | EB27: 0.51 | EC27: 0 | ED27: 534130 | EE27: 10212.57 | EF27: 7.734 | EG27: =_xll.IMDP("BND",DX27,EG8,DX3) -> 20360610 | EH27: =_xll.IMDP("BND",DX27,EH8,DX3) -> 4.175 | EI27: =_xll.IMDP("BND",DX27,EI8,DX3) -> 국채 | EJ27: =_xll.IMDP("BND",DX27,EJ8,DX3) -> 국고채권 | EK27: 46316 | EL27: KR6095081FC1 | EM27: 095081 | EN27: 흥국생명보험10(후) | EO27: 0 | EP27: 1.02 | EQ27: 0 | ER27: 2337064 | ES27: 9971.12 | ET27: 4.5902 | EU27: =_xll.IMDP("BND",EL27,EU8,EL3) -> 20351209 | EV27: =_xll.IMDP("BND",EL27,EV8,EL3) -> 4.607 | EW27: =_xll.IMDP("BND",EL27,EW8,EL3) -> 회사채 | EX27: =_xll.IMDP("BND",EL27,EX8,EL3) -> 옵션부사채
A28: 46316 | B28: KR350701GG67 | C28: 50701G | D28: 도로공사1007 | E28: 0 | F28: 0.56 | G28: 0 | H28: 678180 | I28: 10144.54 | J28: 7.7067 | K28: =_xll.IMDP("BND",B28,K8,B3) -> 20360616 | L28: =_xll.IMDP("BND",B28,L8,B3) -> 4.343 | M28: =_xll.IMDP("BND",B28,M8,B3) -> 공사공단채 | N28: =_xll.IMDP("BND",B28,N8,B3) -> 일반 | O28: 46316 | P28: KR6053212E69 | Q28: 053212 | R28: 케이티스카이라이프19-2 | S28: 0 | T28: 1.48 | U28: 0 | V28: 2015542 | W28: 9876.2 | X28: 2.4897 | Y28: =_xll.IMDP("BND",P28,Y8,P3) -> 20290612 | Z28: =_xll.IMDP("BND",P28,Z8,P3) -> 4.444 | AA28: =_xll.IMDP("BND",P28,AA8,P3) -> 회사채 | AB28: =_xll.IMDP("BND",P28,AB8,P3) -> 회사채(일반) | AC28: 46316 | AD28: KR103503GB99 | AE28: 03503G | AF28: 국고01875-4109(21-9) | AG28: 0 | AH28: 0.85 | AI28: 0 | AJ28: 1223509 | AK28: 7438.94 | AL28: 12.3876 | AM28: =_xll.IMDP("BND",AD28,AM8,AD3) -> 20410910 | AN28: =_xll.IMDP("BND",AD28,AN8,AD3) -> 4.23 | AO28: =_xll.IMDP("BND",AD28,AO8,AD3) -> 국채 | AP28: =_xll.IMDP("BND",AD28,AP8,AD3) -> 국고채권 | BA28: =_xll.IMDP("BND",AR28,BA8,AR3) -> 입력오류 | BB28: =_xll.IMDP("BND",AR28,BB8,AR3) -> 입력오류 | BC28: =_xll.IMDP("BND",AR28,BC8,AR3) -> 입력오류 | BD28: =_xll.IMDP("BND",AR28,BD8,AR3) -> 입력오류 | BO28: =_xll.IMDP("BND",BF28,BO8,BF3) -> 입력오류 | BP28: =_xll.IMDP("BND",BF28,BP8,BF3) -> 입력오류 | BQ28: =_xll.IMDP("BND",BF28,BQ8,BF3) -> 입력오류 | BR28: =_xll.IMDP("BND",BF28,BR8,BF3) -> 입력오류 | BS28: 46316 | BT28: KR6204322E16 | BU28: 204322 | BV28: 에이치엘만도15-1 | BW28: 0 | BX28: 0.65 | BY28: 0 | BZ28: 935577 | CA28: 10011.15 | CB28: 0.2344 | CC28: =_xll.IMDP("BND",BT28,CC8,BT3) -> 20270115 | CD28: =_xll.IMDP("BND",BT28,CD8,BT3) -> 3.658 | CE28: =_xll.IMDP("BND",BT28,CE8,BT3) -> 회사채 | CF28: =_xll.IMDP("BND",BT28,CF8,BT3) -> 회사채(일반) | CG28: 46316 | CH28: KRZS0011H047 | CI28: S0011H | CJ28: 비케이씨에스제이십이차 20261020-92-2(단) | CK28: 0 | CL28: 0.84 | CM28: 0 | CN28: 1062458 | CQ28: =_xll.IMDP("BND",CH28,CQ8,CH3) | CR28: =_xll.IMDP("BND",CH28,CR8,CH3) | CS28: =_xll.IMDP("BND",CH28,CS8,CH3) | CT28: =_xll.IMDP("BND",CH28,CT8,CH3) | CU28: 46316 | CV28: KR6095234F71 | CW28: 095234 | CX28: 애큐온캐피탈249-4 | CY28: 0 | CZ28: 2.33 | DA28: 0 | DB28: 2410366 | DC28: 9926.77 | DD28: 1.6521 | DE28: =_xll.IMDP("BND",CV28,DE8,CV3) -> 20280721 | DF28: =_xll.IMDP("BND",CV28,DF8,CV3) -> 5.528 | DG28: =_xll.IMDP("BND",CV28,DG8,CV3) -> 금융채 | DH28: =_xll.IMDP("BND",CV28,DH8,CV3) -> 기타금융채 | DI28: 46316 | DJ28: KR6205491GA1 | DK28: 205491 | DL28: 하나카드311-1 | DM28: 0 | DN28: 0.61 | DO28: 0 | DP28: 958380 | DQ28: 10040.95 | DR28: 2.7519 | DS28: =_xll.IMDP("BND",DJ28,DS8,DJ3) -> 20291005 | DT28: =_xll.IMDP("BND",DJ28,DT8,DJ3) -> 4.44 | DU28: =_xll.IMDP("BND",DJ28,DU8,DJ3) -> 금융채 | DV28: =_xll.IMDP("BND",DJ28,DV8,DJ3) -> 카드 | DW28: 46316 | DX28: KR103502GE63 | DY28: 03502G | DZ28: 국고채권03500-3406(24-5) | EA28: 0 | EB28: 0.19 | EC28: 0 | ED28: 203470 | EE28: 9726.04 | EF28: 6.5257 | EG28: =_xll.IMDP("BND",DX28,EG8,DX3) -> 20340610 | EH28: =_xll.IMDP("BND",DX28,EH8,DX3) -> 4.116 | EI28: =_xll.IMDP("BND",DX28,EI8,DX3) -> 국채 | EJ28: =_xll.IMDP("BND",DX28,EJ8,DX3) -> 국고채권 | EK28: 46316 | EL28: KR616937BFB2 | EM28: 16937B | EN28: 메리츠캐피탈288-2 | EO28: 0 | EP28: 1.02 | EQ28: 0 | ER28: 2333062 | ES28: 9957.31 | ET28: 0.9811 | EU28: =_xll.IMDP("BND",EL28,EU8,EL3) -> 20271025 | EV28: =_xll.IMDP("BND",EL28,EV8,EL3) -> 4.746 | EW28: =_xll.IMDP("BND",EL28,EW8,EL3) -> 금융채 | EX28: =_xll.IMDP("BND",EL28,EX8,EL3) -> 기타금융채
A29: 46316 | B29: KR6373221F28 | C29: 373221 | D29: LG에너지솔루션4-1 | E29: 0 | F29: 0.56 | G29: 0 | H29: 670914 | I29: 10036.84 | J29: 0.312 | K29: =_xll.IMDP("BND",B29,K8,B3) -> 20270214 | L29: =_xll.IMDP("BND",B29,L8,B3) -> 3.81 | M29: =_xll.IMDP("BND",B29,M8,B3) -> 회사채 | N29: =_xll.IMDP("BND",B29,N8,B3) -> 회사채(일반) | O29: 46316 | P29: KR350802GE83 | Q29: 50802G | R29: 한국가스공사500 | S29: 0 | T29: 1.47 | U29: 0 | V29: 1998383 | W29: 9791.67 | X29: 2.6589 | Y29: =_xll.IMDP("BND",P29,Y8,P3) -> 20290814 | Z29: =_xll.IMDP("BND",P29,Z8,P3) -> 4.206 | AA29: =_xll.IMDP("BND",P29,AA8,P3) -> 공사공단채 | AB29: =_xll.IMDP("BND",P29,AB8,P3) -> 일반 | AC29: 46316 | AD29: KR103502GF96 | AE29: 03502G | AF29: 국고02625-5509(25-7) | AG29: 0 | AH29: 0.56 | AI29: 0 | AJ29: 815315 | AK29: 7289.55 | AL29: 18.2572 | AM29: =_xll.IMDP("BND",AD29,AM8,AD3) -> 20550910 | AN29: =_xll.IMDP("BND",AD29,AN8,AD3) -> 4.288 | AO29: =_xll.IMDP("BND",AD29,AO8,AD3) -> 국채 | AP29: =_xll.IMDP("BND",AD29,AP8,AD3) -> 국고채권 | BA29: =_xll.IMDP("BND",AR29,BA8,AR3) -> 입력오류 | BB29: =_xll.IMDP("BND",AR29,BB8,AR3) -> 입력오류 | BC29: =_xll.IMDP("BND",AR29,BC8,AR3) -> 입력오류 | BD29: =_xll.IMDP("BND",AR29,BD8,AR3) -> 입력오류 | BO29: =_xll.IMDP("BND",BF29,BO8,BF3) -> 입력오류 | BP29: =_xll.IMDP("BND",BF29,BP8,BF3) -> 입력오류 | BQ29: =_xll.IMDP("BND",BF29,BQ8,BF3) -> 입력오류 | BR29: =_xll.IMDP("BND",BF29,BR8,BF3) -> 입력오류 | BS29: 46316 | BT29: KR6272211FA3 | BU29: 272211 | BV29: 한화시스템7-1 | BW29: 0 | BX29: 0.65 | BY29: 0 | BZ29: 926691 | CA29: 9916.16 | CB29: 0.9952 | CC29: =_xll.IMDP("BND",BT29,CC8,BT3) -> 20271029 | CD29: =_xll.IMDP("BND",BT29,CD8,BT3) -> 4.198 | CE29: =_xll.IMDP("BND",BT29,CE8,BT3) -> 회사채 | CF29: =_xll.IMDP("BND",BT29,CF8,BT3) -> 회사채(일반) | CG29: 46316 | CH29: KR6169375E41 | CI29: 169375 | CJ29: 메리츠캐피탈254-3 | CK29: 0 | CL29: 0.82 | CM29: 0 | CN29: 1042685 | CO29: 10130.09 | CP29: 0.0045 | CQ29: =_xll.IMDP("BND",CH29,CQ8,CH3) -> 20261022 | CR29: =_xll.IMDP("BND",CH29,CR8,CH3) -> 3.839 | CS29: =_xll.IMDP("BND",CH29,CS8,CH3) -> 금융채 | CT29: =_xll.IMDP("BND",CH29,CT8,CH3) -> 기타금융채 | CU29: 46316 | CV29: KR6029692F59 | CW29: 029692 | CX29: 롯데캐피탈478-2 | CY29: 0 | CZ29: 2.32 | DA29: 0 | DB29: 2399936 | DC29: 9884.2 | DD29: 1.5312 | DE29: =_xll.IMDP("BND",CV29,DE8,CV3) -> 20280526 | DF29: =_xll.IMDP("BND",CV29,DF8,CV3) -> 4.751 | DG29: =_xll.IMDP("BND",CV29,DG8,CV3) -> 금융채 | DH29: =_xll.IMDP("BND",CV29,DH8,CV3) -> 기타금융채 | DI29: 46316 | DJ29: KR6176943G47 | DK29: 176943 | DL29: 아이엠캐피탈149-1 | DM29: 0 | DN29: 0.61 | DO29: 0 | DP29: 957779 | DQ29: 10034.38 | DR29: 1.518 | DS29: =_xll.IMDP("BND",DJ29,DS8,DJ3) -> 20280524 | DT29: =_xll.IMDP("BND",DJ29,DT8,DJ3) -> 4.406 | DU29: =_xll.IMDP("BND",DJ29,DU8,DJ3) -> 금융채 | DV29: =_xll.IMDP("BND",DJ29,DV8,DJ3) -> 기타금융채 | DW29: 46316 | DX29: - | DY29: - | DZ29: 원화현금 | EB29: 2.89 | ED29: 3051539 | EG29: =_xll.IMDP("BND",DX29,EG8,DX3) | EH29: =_xll.IMDP("BND",DX29,EH8,DX3) | EI29: =_xll.IMDP("BND",DX29,EI8,DX3) | EJ29: =_xll.IMDP("BND",DX29,EJ8,DX3) | EK29: 46316 | EL29: KR354301GF72 | EM29: 54301G | EN29: 인천도시공사255(녹) | EO29: 0 | EP29: 1.02 | EQ29: 0 | ER29: 2332080 | ES29: 9953 | ET29: 0.7359 | EU29: =_xll.IMDP("BND",EL29,EU8,EL3) -> 20270722 | EV29: =_xll.IMDP("BND",EL29,EV8,EL3) -> 4.044 | EW29: =_xll.IMDP("BND",EL29,EW8,EL3) -> 공사공단채 | EX29: =_xll.IMDP("BND",EL29,EX8,EL3) -> 지방공기업
A30: 46316 | B30: KR354301GE73 | C30: 54301G | D30: 인천도시공사235 | E30: 0 | F30: 0.56 | G30: 0 | H30: 669989 | I30: 10022.89 | J30: 0.7387 | K30: =_xll.IMDP("BND",B30,K8,B3) -> 20270724 | L30: =_xll.IMDP("BND",B30,L8,B3) -> 4.045 | M30: =_xll.IMDP("BND",B30,M8,B3) -> 공사공단채 | N30: =_xll.IMDP("BND",B30,N8,B3) -> 지방공기업 | O30: 46316 | P30: KR6063624E60 | Q30: 063624 | R30: 한국서부발전63-2(녹) | S30: 0 | T30: 1.41 | U30: 0 | V30: 1919638 | W30: 9405.3 | X30: 6.6154 | Y30: =_xll.IMDP("BND",P30,Y8,P3) -> 20340616 | Z30: =_xll.IMDP("BND",P30,Z8,P3) -> 4.474 | AA30: =_xll.IMDP("BND",P30,AA8,P3) -> 회사채 | AB30: =_xll.IMDP("BND",P30,AB8,P3) -> 회사채(일반) | AC30: 46316 | AD30: - | AE30: - | AF30: 원화현금 | AH30: 13.77 | AJ30: -19880010 | AM30: =_xll.IMDP("BND",AD30,AM8,AD3) | AN30: =_xll.IMDP("BND",AD30,AN8,AD3) | AO30: =_xll.IMDP("BND",AD30,AO8,AD3) | AP30: =_xll.IMDP("BND",AD30,AP8,AD3) | BA30: =_xll.IMDP("BND",AR30,BA8,AR3) -> 입력오류 | BB30: =_xll.IMDP("BND",AR30,BB8,AR3) -> 입력오류 | BC30: =_xll.IMDP("BND",AR30,BC8,AR3) -> 입력오류 | BD30: =_xll.IMDP("BND",AR30,BD8,AR3) -> 입력오류 | BO30: =_xll.IMDP("BND",BF30,BO8,BF3) -> 입력오류 | BP30: =_xll.IMDP("BND",BF30,BP8,BF3) -> 입력오류 | BQ30: =_xll.IMDP("BND",BF30,BQ8,BF3) -> 입력오류 | BR30: =_xll.IMDP("BND",BF30,BR8,BF3) -> 입력오류 | BS30: 46316 | BT30: KR6017673DA9 | BU30: 017673 | BV30: SK텔레콤87-3 | BW30: 0 | BX30: 0.61 | BY30: 0 | BZ30: 873054 | CA30: 10157.35 | CB30: 3.6262 | CC30: =_xll.IMDP("BND",BT30,CC8,BT3) -> 20301018 | CD30: =_xll.IMDP("BND",BT30,CD8,BT3) -> 4.299 | CE30: =_xll.IMDP("BND",BT30,CE8,BT3) -> 회사채 | CF30: =_xll.IMDP("BND",BT30,CF8,BT3) -> 회사채(일반) | CG30: 46316 | CH30: KR6005942E25 | CI30: 005942 | CJ30: 엔에이치투자69-2 | CK30: 0 | CL30: 0.82 | CM30: 0 | CN30: 1038693 | CO30: 10091.07 | CP30: 0.2887 | CQ30: =_xll.IMDP("BND",CH30,CQ8,CH3) -> 20270205 | CR30: =_xll.IMDP("BND",CH30,CR8,CH3) -> 3.703 | CS30: =_xll.IMDP("BND",CH30,CS8,CH3) -> 회사채 | CT30: =_xll.IMDP("BND",CH30,CT8,CH3) -> 회사채(일반) | CU30: 46316 | CV30: KR6012452G13 | CW30: 012452 | CX30: 한화에어로스페이스130-1 | CY30: 0 | CZ30: 2.31 | DA30: 0 | DB30: 2397131 | DC30: 9871.11 | DD30: 1.2019 | DE30: =_xll.IMDP("BND",CV30,DE8,CV3) -> 20280114 | DF30: =_xll.IMDP("BND",CV30,DF8,CV3) -> 4.22 | DG30: =_xll.IMDP("BND",CV30,DG8,CV3) -> 회사채 | DH30: =_xll.IMDP("BND",CV30,DH8,CV3) -> 회사채(일반) | DI30: 46316 | DJ30: KR6004944G81 | DK30: 004944 | DL30: 하나은행49-08이2갑-27 | DM30: 0 | DN30: 0.61 | DO30: 0 | DP30: 957663 | DQ30: 10032.48 | DR30: 1.7661 | DS30: =_xll.IMDP("BND",DJ30,DS8,DJ3) -> 20280827 | DT30: =_xll.IMDP("BND",DJ30,DT8,DJ3) -> 4.12 | DU30: =_xll.IMDP("BND",DJ30,DU8,DJ3) -> 금융채 | DV30: =_xll.IMDP("BND",DJ30,DV8,DJ3) -> 은행채 | EG30: =_xll.IMDP("BND",DX30,EG8,DX3) -> 입력오류 | EH30: =_xll.IMDP("BND",DX30,EH8,DX3) -> 입력오류 | EI30: =_xll.IMDP("BND",DX30,EI8,DX3) -> 입력오류 | EJ30: =_xll.IMDP("BND",DX30,EJ8,DX3) -> 입력오류 | EK30: 46316 | EL30: KR6285132F14 | EM30: 285132 | EN30: SK케미칼15-2 | EO30: 0 | EP30: 1.02 | EQ30: 0 | ER30: 2330482 | ES30: 9946.04 | ET30: 1.2347 | EU30: =_xll.IMDP("BND",EL30,EU8,EL3) -> 20280131 | EV30: =_xll.IMDP("BND",EL30,EV8,EL3) -> 4.339 | EW30: =_xll.IMDP("BND",EL30,EW8,EL3) -> 회사채 | EX30: =_xll.IMDP("BND",EL30,EX8,EL3) -> 회사채(일반)
A31: 46316 | B31: KR6316141G56 | C31: 316141 | D31: 우리금융지주26 | E31: 0 | F31: 0.56 | G31: 0 | H31: 669904 | I31: 10021.47 | J31: 0.548 | K31: =_xll.IMDP("BND",B31,K8,B3) -> 20270512 | L31: =_xll.IMDP("BND",B31,L8,B3) -> 3.98 | M31: =_xll.IMDP("BND",B31,M8,B3) -> 회사채 | N31: =_xll.IMDP("BND",B31,N8,B3) -> 회사채(일반) | O31: 46316 | P31: KRC0350C3098 | Q31: 0350C3 | R31: 국고채이자01870-3009 | S31: 0 | T31: 1.29 | U31: 0 | V31: 1751409 | W31: 8581.91 | X31: 3.7395 | Y31: =_xll.IMDP("BND",P31,Y8,P3) -> 20300910 | Z31: =_xll.IMDP("BND",P31,Z8,P3) -> 4.01 | AA31: =_xll.IMDP("BND",P31,AA8,P3) -> 국채 | AB31: =_xll.IMDP("BND",P31,AB8,P3) -> 국고채권 | AM31: =_xll.IMDP("BND",AD31,AM8,AD3) -> 입력오류 | AN31: =_xll.IMDP("BND",AD31,AN8,AD3) -> 입력오류 | AO31: =_xll.IMDP("BND",AD31,AO8,AD3) -> 입력오류 | AP31: =_xll.IMDP("BND",AD31,AP8,AD3) -> 입력오류 | BA31: =_xll.IMDP("BND",AR31,BA8,AR3) -> 입력오류 | BB31: =_xll.IMDP("BND",AR31,BB8,AR3) -> 입력오류 | BC31: =_xll.IMDP("BND",AR31,BC8,AR3) -> 입력오류 | BD31: =_xll.IMDP("BND",AR31,BD8,AR3) -> 입력오류 | BO31: =_xll.IMDP("BND",BF31,BO8,BF3) -> 입력오류 | BP31: =_xll.IMDP("BND",BF31,BP8,BF3) -> 입력오류 | BQ31: =_xll.IMDP("BND",BF31,BQ8,BF3) -> 입력오류 | BR31: =_xll.IMDP("BND",BF31,BR8,BF3) -> 입력오류 | BS31: 46316 | BT31: KR354601GG60 | BU31: 54601G | BV31: 한국철도공사281(녹) | BW31: 0 | BX31: 0.61 | BY31: 0 | BZ31: 870295 | CA31: 10124.56 | CB31: 2.4528 | CC31: =_xll.IMDP("BND",BT31,CC8,BT3) -> 20290615 | CD31: =_xll.IMDP("BND",BT31,CD8,BT3) -> 4.179 | CE31: =_xll.IMDP("BND",BT31,CE8,BT3) -> 공사공단채 | CF31: =_xll.IMDP("BND",BT31,CF8,BT3) -> 일반 | CG31: 46316 | CH31: KR6089862F16 | CI31: 089862 | CJ31: 롯데렌탈61-2 | CK31: 0 | CL31: 0.82 | CM31: 0 | CN31: 1037265 | CO31: 10077.06 | CP31: 0.2511 | CQ31: =_xll.IMDP("BND",CH31,CQ8,CH3) -> 20270122 | CR31: =_xll.IMDP("BND",CH31,CR8,CH3) -> 3.837 | CS31: =_xll.IMDP("BND",CH31,CS8,CH3) -> 회사채 | CT31: =_xll.IMDP("BND",CH31,CT8,CH3) -> 회사채(일반) | CU31: 46316 | CV31: KR6003452F54 | CW31: 003452 | CX31: KB증권47-2 | CY31: 0 | CZ31: 2.3 | DA31: 0 | DB31: 2383824 | DC31: 9816.88 | DD31: 1.5442 | DE31: =_xll.IMDP("BND",CV31,DE8,CV3) -> 20280526 | DF31: =_xll.IMDP("BND",CV31,DF8,CV3) -> 4.211 | DG31: =_xll.IMDP("BND",CV31,DG8,CV3) -> 회사채 | DH31: =_xll.IMDP("BND",CV31,DH8,CV3) -> 회사채(일반) | DI31: 46316 | DJ31: KR6033665G46 | DK31: 033665 | DL31: 우리금융캐피탈545-1(녹) | DM31: 0 | DN31: 0.61 | DO31: 0 | DP31: 957422 | DQ31: 10031.01 | DR31: 0.9906 | DS31: =_xll.IMDP("BND",DJ31,DS8,DJ3) -> 20271029 | DT31: =_xll.IMDP("BND",DJ31,DT8,DJ3) -> 4.258 | DU31: =_xll.IMDP("BND",DJ31,DU8,DJ3) -> 금융채 | DV31: =_xll.IMDP("BND",DJ31,DV8,DJ3) -> 기타금융채 | EG31: =_xll.IMDP("BND",DX31,EG8,DX3) -> 입력오류 | EH31: =_xll.IMDP("BND",DX31,EH8,DX3) -> 입력오류 | EI31: =_xll.IMDP("BND",DX31,EI8,DX3) -> 입력오류 | EJ31: =_xll.IMDP("BND",DX31,EJ8,DX3) -> 입력오류 | EK31: 46316 | EL31: KR6023763FC1 | EM31: 023763 | EN31: 한국캐피탈558-1 | EO31: 0 | EP31: 1.02 | EQ31: 0 | ER31: 2329254 | ES31: 9940.49 | ET31: 0.6647 | EU31: =_xll.IMDP("BND",EL31,EU8,EL3) -> 20270625 | EV31: =_xll.IMDP("BND",EL31,EV8,EL3) -> 5.09 | EW31: =_xll.IMDP("BND",EL31,EW8,EL3) -> 금융채 | EX31: =_xll.IMDP("BND",EL31,EX8,EL3) -> 기타금융채
A32: 46316 | B32: KR3527027279 | C32: 527027 | D32: 한국철도시설채권20 | E32: 0 | F32: 0.55 | G32: 0 | H32: 666505 | I32: 9971.13 | J32: 5.004 | K32: =_xll.IMDP("BND",B32,K8,B3) -> 20320711 | L32: =_xll.IMDP("BND",B32,L8,B3) -> 4.286 | M32: =_xll.IMDP("BND",B32,M8,B3) -> 공사공단채 | N32: =_xll.IMDP("BND",B32,N8,B3) -> 일반 | O32: 46316 | P32: KRC035FP30C4 | Q32: 035FP3 | R32: 국고채원금03070-3012(10-7) | S32: 0 | T32: 1.28 | U32: 0 | V32: 1733316 | W32: 8493.44 | X32: 3.9787 | Y32: =_xll.IMDP("BND",P32,Y8,P3) -> 20301210 | Z32: =_xll.IMDP("BND",P32,Z8,P3) -> 4.023 | AA32: =_xll.IMDP("BND",P32,AA8,P3) -> 국채 | AB32: =_xll.IMDP("BND",P32,AB8,P3) -> 국고채권 | AM32: =_xll.IMDP("BND",AD32,AM8,AD3) -> 입력오류 | AN32: =_xll.IMDP("BND",AD32,AN8,AD3) -> 입력오류 | AO32: =_xll.IMDP("BND",AD32,AO8,AD3) -> 입력오류 | AP32: =_xll.IMDP("BND",AD32,AP8,AD3) -> 입력오류 | BA32: =_xll.IMDP("BND",AR32,BA8,AR3) -> 입력오류 | BB32: =_xll.IMDP("BND",AR32,BB8,AR3) -> 입력오류 | BC32: =_xll.IMDP("BND",AR32,BC8,AR3) -> 입력오류 | BD32: =_xll.IMDP("BND",AR32,BD8,AR3) -> 입력오류 | BO32: =_xll.IMDP("BND",BF32,BO8,BF3) -> 입력오류 | BP32: =_xll.IMDP("BND",BF32,BP8,BF3) -> 입력오류 | BQ32: =_xll.IMDP("BND",BF32,BQ8,BF3) -> 입력오류 | BR32: =_xll.IMDP("BND",BF32,BR8,BF3) -> 입력오류 | BS32: 46316 | BT32: KR350707GG46 | BU32: 50707G | BV32: 도로공사1005 | BW32: 0 | BX32: 0.61 | BY32: 0 | BZ32: 868374 | CA32: 10101.72 | CB32: 2.3316 | CC32: =_xll.IMDP("BND",BT32,CC8,BT3) -> 20290427 | CD32: =_xll.IMDP("BND",BT32,CD8,BT3) -> 4.147 | CE32: =_xll.IMDP("BND",BT32,CE8,BT3) -> 공사공단채 | CF32: =_xll.IMDP("BND",BT32,CF8,BT3) -> 일반 | CG32: 46316 | CH32: KR6029693DC9 | CI32: 029693 | CJ32: 롯데캐피탈450-3 | CK32: 0 | CL32: 0.82 | CM32: 0 | CN32: 1037118 | CO32: 10075.71 | CP32: 0.1393 | CQ32: =_xll.IMDP("BND",CH32,CQ8,CH3) -> 20261211 | CR32: =_xll.IMDP("BND",CH32,CR8,CH3) -> 3.897 | CS32: =_xll.IMDP("BND",CH32,CS8,CH3) -> 금융채 | CT32: =_xll.IMDP("BND",CH32,CT8,CH3) -> 기타금융채 | CU32: 46316 | CV32: KR6029693F82 | CW32: 029693 | CX32: 롯데캐피탈483-2 | CY32: 0 | CZ32: 2.3 | DA32: 0 | DB32: 2383346 | DC32: 9815.61 | DD32: 1.7711 | DE32: =_xll.IMDP("BND",CV32,DE8,CV3) -> 20280828 | DF32: =_xll.IMDP("BND",CV32,DF8,CV3) -> 4.912 | DG32: =_xll.IMDP("BND",CV32,DG8,CV3) -> 금융채 | DH32: =_xll.IMDP("BND",CV32,DH8,CV3) -> 기타금융채 | DI32: 46316 | DJ32: KR6008561G50 | DK32: 008561 | DL32: 메리츠증권2605-1 | DM32: 0 | DN32: 0.6 | DO32: 0 | DP32: 955633 | DQ32: 10011.81 | DR32: 1.0654 | DS32: =_xll.IMDP("BND",DJ32,DS8,DJ3) -> 20271126 | DT32: =_xll.IMDP("BND",DJ32,DT8,DJ3) -> 4.267 | DU32: =_xll.IMDP("BND",DJ32,DU8,DJ3) -> 회사채 | DV32: =_xll.IMDP("BND",DJ32,DV8,DJ3) -> 회사채(일반) | EG32: =_xll.IMDP("BND",DX32,EG8,DX3) -> 입력오류 | EH32: =_xll.IMDP("BND",DX32,EH8,DX3) -> 입력오류 | EI32: =_xll.IMDP("BND",DX32,EI8,DX3) -> 입력오류 | EJ32: =_xll.IMDP("BND",DX32,EJ8,DX3) -> 입력오류 | EK32: 46316 | EL32: KR6060001841 | EM32: 060001 | EN32: 국민은행조건부(상)3804이표일(03)10후25 | EO32: 0 | EP32: 1.02 | EQ32: 0 | ER32: 2328132 | ES32: 9935.61 | ET32: 1.4593 | EU32: =_xll.IMDP("BND",EL32,EU8,EL3) -> 20280425 | EV32: =_xll.IMDP("BND",EL32,EV8,EL3) -> 4.295 | EW32: =_xll.IMDP("BND",EL32,EW8,EL3) -> 금융채 | EX32: =_xll.IMDP("BND",EL32,EX8,EL3) -> 은행채
A33: 46316 | B33: KR350706GG47 | C33: 50706G | D33: 도로공사1004 | E33: 0 | F33: 0.55 | G33: 0 | H33: 665394 | I33: 9952.91 | J33: 7.6586 | K33: =_xll.IMDP("BND",B33,K8,B3) -> 20360428 | L33: =_xll.IMDP("BND",B33,L8,B3) -> 4.34 | M33: =_xll.IMDP("BND",B33,M8,B3) -> 공사공단채 | N33: =_xll.IMDP("BND",B33,N8,B3) -> 일반 | O33: 46316 | P33: KR103504GD96 | Q33: 03504G | R33: 국고03875-4309(23-9) | S33: 0 | T33: 1.15 | U33: 0 | V33: 1560205 | W33: 9557.03 | X33: 12.108 | Y33: =_xll.IMDP("BND",P33,Y8,P3) -> 20430910 | Z33: =_xll.IMDP("BND",P33,Z8,P3) -> 4.282 | AA33: =_xll.IMDP("BND",P33,AA8,P3) -> 국채 | AB33: =_xll.IMDP("BND",P33,AB8,P3) -> 국고채권 | AM33: =_xll.IMDP("BND",AD33,AM8,AD3) -> 입력오류 | AN33: =_xll.IMDP("BND",AD33,AN8,AD3) -> 입력오류 | AO33: =_xll.IMDP("BND",AD33,AO8,AD3) -> 입력오류 | AP33: =_xll.IMDP("BND",AD33,AP8,AD3) -> 입력오류 | BA33: =_xll.IMDP("BND",AR33,BA8,AR3) -> 입력오류 | BB33: =_xll.IMDP("BND",AR33,BB8,AR3) -> 입력오류 | BC33: =_xll.IMDP("BND",AR33,BC8,AR3) -> 입력오류 | BD33: =_xll.IMDP("BND",AR33,BD8,AR3) -> 입력오류 | BO33: =_xll.IMDP("BND",BF33,BO8,BF3) -> 입력오류 | BP33: =_xll.IMDP("BND",BF33,BP8,BF3) -> 입력오류 | BQ33: =_xll.IMDP("BND",BF33,BQ8,BF3) -> 입력오류 | BR33: =_xll.IMDP("BND",BF33,BR8,BF3) -> 입력오류 | BS33: 46316 | BT33: KR354601GG86 | BU33: 54601G | BV33: 한국철도공사286 | BW33: 0 | BX33: 0.61 | BY33: 0 | BZ33: 868038 | CA33: 10098.44 | CB33: 4.2508 | CC33: =_xll.IMDP("BND",BT33,CC8,BT3) -> 20310804 | CD33: =_xll.IMDP("BND",BT33,CD8,BT3) -> 4.279 | CE33: =_xll.IMDP("BND",BT33,CE8,BT3) -> 공사공단채 | CF33: =_xll.IMDP("BND",BT33,CF8,BT3) -> 일반 | CG33: 46316 | CH33: KRZS49662019 | CI33: S49662 | CJ33: 옐로우퍼피 20260807-92-1(단) | CK33: 0 | CL33: 0.81 | CM33: 0 | CN33: 1026783 | CQ33: =_xll.IMDP("BND",CH33,CQ8,CH3) | CR33: =_xll.IMDP("BND",CH33,CR8,CH3) | CS33: =_xll.IMDP("BND",CH33,CS8,CH3) | CT33: =_xll.IMDP("BND",CH33,CT8,CH3) | CU33: 46316 | CV33: KR6160722F64 | CW33: 160722 | CX33: 현대케피코13-2 | CY33: 0 | CZ33: 2.3 | DA33: 0 | DB33: 2383074 | DC33: 9813.83 | DD33: 1.5784 | DE33: =_xll.IMDP("BND",CV33,DE8,CV3) -> 20280609 | DF33: =_xll.IMDP("BND",CV33,DF8,CV3) -> 4.455 | DG33: =_xll.IMDP("BND",CV33,DG8,CV3) -> 회사채 | DH33: =_xll.IMDP("BND",CV33,DH8,CV3) -> 회사채(일반) | DI33: 46316 | DJ33: KR6029788GA4 | DK33: 029788 | DL33: 삼성카드2925 | DM33: 0 | DN33: 0.6 | DO33: 0 | DP33: 955515 | DQ33: 10010.58 | DR33: 3.2105 | DS33: =_xll.IMDP("BND",DJ33,DS8,DJ3) -> 20300415 | DT33: =_xll.IMDP("BND",DJ33,DT8,DJ3) -> 4.427 | DU33: =_xll.IMDP("BND",DJ33,DU8,DJ3) -> 금융채 | DV33: =_xll.IMDP("BND",DJ33,DV8,DJ3) -> 카드 | EG33: =_xll.IMDP("BND",DX33,EG8,DX3) -> 입력오류 | EH33: =_xll.IMDP("BND",DX33,EH8,DX3) -> 입력오류 | EI33: =_xll.IMDP("BND",DX33,EI8,DX3) -> 입력오류 | EJ33: =_xll.IMDP("BND",DX33,EJ8,DX3) -> 입력오류 | EK33: 46316 | EL33: KR357201GF92 | EM33: 57201G | EN33: 고양도시관리공사2025-04 | EO33: 0 | EP33: 1.01 | EQ33: 0 | ER33: 2322692 | ES33: 9912.69 | ET33: 0.8475 | EU33: =_xll.IMDP("BND",EL33,EU8,EL3) -> 20270902 | EV33: =_xll.IMDP("BND",EL33,EV8,EL3) -> 4.16 | EW33: =_xll.IMDP("BND",EL33,EW8,EL3) -> 공사공단채 | EX33: =_xll.IMDP("BND",EL33,EX8,EL3) -> 지방공기업
A34: 46316 | B34: KR6105561G39 | C34: 105561 | D34: KB금융지주59 | E34: 0 | F34: 0.55 | G34: 0 | H34: 664608 | I34: 9941.33 | J34: 2.3014 | K34: =_xll.IMDP("BND",B34,K8,B3) -> 20290326 | L34: =_xll.IMDP("BND",B34,L8,B3) -> 4.252 | M34: =_xll.IMDP("BND",B34,M8,B3) -> 회사채 | N34: =_xll.IMDP("BND",B34,N8,B3) -> 회사채(일반) | O34: 46316 | P34: KR103504GF94 | Q34: 03504G | R34: 국고02750-4509(25-9) | S34: 0 | T34: 0.97 | U34: 0 | V34: 1318687 | W34: 8076.96 | X34: 13.9471 | Y34: =_xll.IMDP("BND",P34,Y8,P3) -> 20450910 | Z34: =_xll.IMDP("BND",P34,Z8,P3) -> 4.267 | AA34: =_xll.IMDP("BND",P34,AA8,P3) -> 국채 | AB34: =_xll.IMDP("BND",P34,AB8,P3) -> 국고채권 | AM34: =_xll.IMDP("BND",AD34,AM8,AD3) -> 입력오류 | AN34: =_xll.IMDP("BND",AD34,AN8,AD3) -> 입력오류 | AO34: =_xll.IMDP("BND",AD34,AO8,AD3) -> 입력오류 | AP34: =_xll.IMDP("BND",AD34,AP8,AD3) -> 입력오류 | BA34: =_xll.IMDP("BND",AR34,BA8,AR3) -> 입력오류 | BB34: =_xll.IMDP("BND",AR34,BB8,AR3) -> 입력오류 | BC34: =_xll.IMDP("BND",AR34,BC8,AR3) -> 입력오류 | BD34: =_xll.IMDP("BND",AR34,BD8,AR3) -> 입력오류 | BO34: =_xll.IMDP("BND",BF34,BO8,BF3) -> 입력오류 | BP34: =_xll.IMDP("BND",BF34,BP8,BF3) -> 입력오류 | BQ34: =_xll.IMDP("BND",BF34,BQ8,BF3) -> 입력오류 | BR34: =_xll.IMDP("BND",BF34,BR8,BF3) -> 입력오류 | BS34: 46316 | BT34: KR6139481E29 | BU34: 139481 | BV34: 이마트26-1 | BW34: 0 | BX34: 0.61 | BY34: 0 | BZ34: 867475 | CA34: 10092.21 | CB34: 0.2926 | CC34: =_xll.IMDP("BND",BT34,CC8,BT3) -> 20270207 | CD34: =_xll.IMDP("BND",BT34,CD8,BT3) -> 3.793 | CE34: =_xll.IMDP("BND",BT34,CE8,BT3) -> 회사채 | CF34: =_xll.IMDP("BND",BT34,CF8,BT3) -> 회사채(일반) | CG34: 46316 | CH34: KRZS08986019 | CI34: S08986 | CJ34: 롯데렌탈 20260915-62-1(단) | CK34: 0 | CL34: 0.81 | CM34: 0 | CN34: 1026547 | CQ34: =_xll.IMDP("BND",CH34,CQ8,CH3) | CR34: =_xll.IMDP("BND",CH34,CR8,CH3) | CS34: =_xll.IMDP("BND",CH34,CS8,CH3) | CT34: =_xll.IMDP("BND",CH34,CT8,CH3) | CU34: 46316 | CV34: KR6103342F80 | CW34: 103342 | CX34: 대신에프앤아이43-2 | CY34: 0 | CZ34: 2.3 | DA34: 0 | DB34: 2382663 | DC34: 9811.98 | DD34: 1.731 | DE34: =_xll.IMDP("BND",CV34,DE8,CV3) -> 20280811 | DF34: =_xll.IMDP("BND",CV34,DF8,CV3) -> 4.729 | DG34: =_xll.IMDP("BND",CV34,DG8,CV3) -> 회사채 | DH34: =_xll.IMDP("BND",CV34,DH8,CV3) -> 회사채(일반) | DI34: 46316 | DJ34: KR350701GD94 | DK34: 50701G | DL34: 한국도로공사고속도로건설채권857 | DM34: 0 | DN34: 0.6 | DO34: 0 | DP34: 952277 | DQ34: 9977.2 | DR34: 5.891 | DS34: =_xll.IMDP("BND",DJ34,DS8,DJ3) -> 20330905 | DT34: =_xll.IMDP("BND",DJ34,DT8,DJ3) -> 4.28 | DU34: =_xll.IMDP("BND",DJ34,DU8,DJ3) -> 공사공단채 | DV34: =_xll.IMDP("BND",DJ34,DV8,DJ3) -> 일반 | EG34: =_xll.IMDP("BND",DX34,EG8,DX3) -> 입력오류 | EH34: =_xll.IMDP("BND",DX34,EH8,DX3) -> 입력오류 | EI34: =_xll.IMDP("BND",DX34,EI8,DX3) -> 입력오류 | EJ34: =_xll.IMDP("BND",DX34,EJ8,DX3) -> 입력오류 | EK34: 46316 | EL34: KR6000723F20 | EM34: 000723 | EN34: 현대건설309-2 | EO34: 0 | EP34: 1.01 | EQ34: 0 | ER34: 2321928 | ES34: 9909.72 | ET34: 1.304 | EU34: =_xll.IMDP("BND",EL34,EU8,EL3) -> 20280225 | EV34: =_xll.IMDP("BND",EL34,EV8,EL3) -> 4.33 | EW34: =_xll.IMDP("BND",EL34,EW8,EL3) -> 회사채 | EX34: =_xll.IMDP("BND",EL34,EX8,EL3) -> 회사채(일반)
A35: 46316 | B35: KR6063321253 | C35: 063321 | D35: 한국수력원자력33-2 | E35: 0 | F35: 0.55 | G35: 0 | H35: 663013 | I35: 9918.57 | J35: 4.9323 | K35: =_xll.IMDP("BND",B35,K8,B3) -> 20320518 | L35: =_xll.IMDP("BND",B35,L8,B3) -> 4.316 | M35: =_xll.IMDP("BND",B35,M8,B3) -> 회사채 | N35: =_xll.IMDP("BND",B35,N8,B3) -> 회사채(일반) | O35: 46316 | P35: KR103502GDC6 | Q35: 03502G | R35: 국고04125-3312(23-11) | S35: 0 | T35: 0.92 | U35: 0 | V35: 1245748 | W35: 10173.61 | X35: 6.0438 | Y35: =_xll.IMDP("BND",P35,Y8,P3) -> 20331210 | Z35: =_xll.IMDP("BND",P35,Z8,P3) -> 4.085 | AA35: =_xll.IMDP("BND",P35,AA8,P3) -> 국채 | AB35: =_xll.IMDP("BND",P35,AB8,P3) -> 국고채권 | AM35: =_xll.IMDP("BND",AD35,AM8,AD3) -> 입력오류 | AN35: =_xll.IMDP("BND",AD35,AN8,AD3) -> 입력오류 | AO35: =_xll.IMDP("BND",AD35,AO8,AD3) -> 입력오류 | AP35: =_xll.IMDP("BND",AD35,AP8,AD3) -> 입력오류 | BA35: =_xll.IMDP("BND",AR35,BA8,AR3) -> 입력오류 | BB35: =_xll.IMDP("BND",AR35,BB8,AR3) -> 입력오류 | BC35: =_xll.IMDP("BND",AR35,BC8,AR3) -> 입력오류 | BD35: =_xll.IMDP("BND",AR35,BD8,AR3) -> 입력오류 | BO35: =_xll.IMDP("BND",BF35,BO8,BF3) -> 입력오류 | BP35: =_xll.IMDP("BND",BF35,BP8,BF3) -> 입력오류 | BQ35: =_xll.IMDP("BND",BF35,BQ8,BF3) -> 입력오류 | BR35: =_xll.IMDP("BND",BF35,BR8,BF3) -> 입력오류 | BS35: 46316 | BT35: KR6021966G96 | BU35: 021966 | BV35: 케이비캐피탈589-6 | BW35: 0 | BX35: 0.61 | BY35: 0 | BZ35: 866368 | CA35: 10079.33 | CB35: 2.7033 | CC35: =_xll.IMDP("BND",BT35,CC8,BT3) -> 20290919 | CD35: =_xll.IMDP("BND",BT35,CD8,BT3) -> 4.478 | CE35: =_xll.IMDP("BND",BT35,CE8,BT3) -> 금융채 | CF35: =_xll.IMDP("BND",BT35,CF8,BT3) -> 기타금융채 | CG35: 46316 | CH35: KRZS42059175 | CI35: S42059 | CJ35: 키움에프앤아이 20261007-92-2(단) | CK35: 0 | CL35: 0.81 | CM35: 0 | CN35: 1020344 | CQ35: =_xll.IMDP("BND",CH35,CQ8,CH3) | CR35: =_xll.IMDP("BND",CH35,CR8,CH3) | CS35: =_xll.IMDP("BND",CH35,CS8,CH3) | CT35: =_xll.IMDP("BND",CH35,CT8,CH3) | CU35: 46316 | CV35: KR6129552F49 | CW35: 129552 | CX35: 평택에너지앤파워9-2 | CY35: 0 | CZ35: 2.3 | DA35: 0 | DB35: 2382199 | DC35: 9809.59 | DD35: 1.4326 | DE35: =_xll.IMDP("BND",CV35,DE8,CV3) -> 20280414 | DF35: =_xll.IMDP("BND",CV35,DF8,CV3) -> 4.824 | DG35: =_xll.IMDP("BND",CV35,DG8,CV3) -> 회사채 | DH35: =_xll.IMDP("BND",CV35,DH8,CV3) -> 회사채(일반) | DI35: 46316 | DJ35: KR353602GFA0 | DK35: 53602G | DL35: 경기주택도시공사25-10-119 | DM35: 0 | DN35: 0.6 | DO35: 0 | DP35: 942706 | DQ35: 9876.42 | DR35: 1.9093 | DS35: =_xll.IMDP("BND",DJ35,DS8,DJ3) -> 20281027 | DT35: =_xll.IMDP("BND",DJ35,DT8,DJ3) -> 4.178 | DU35: =_xll.IMDP("BND",DJ35,DU8,DJ3) -> 공사공단채 | DV35: =_xll.IMDP("BND",DJ35,DV8,DJ3) -> 지방공기업 | EG35: =_xll.IMDP("BND",DX35,EG8,DX3) -> 입력오류 | EH35: =_xll.IMDP("BND",DX35,EH8,DX3) -> 입력오류 | EI35: =_xll.IMDP("BND",DX35,EI8,DX3) -> 입력오류 | EJ35: =_xll.IMDP("BND",DX35,EJ8,DX3) -> 입력오류 | EK35: 46316 | EL35: KR6025083F39 | EM35: 025083 | EN35: 하나에프앤아이189-3 | EO35: 0 | EP35: 1.01 | EQ35: 0 | ER35: 2316103 | ES35: 9884.81 | ET35: 1.3417 | EU35: =_xll.IMDP("BND",EL35,EU8,EL3) -> 20280310 | EV35: =_xll.IMDP("BND",EL35,EV8,EL3) -> 4.464 | EW35: =_xll.IMDP("BND",EL35,EW8,EL3) -> 회사채 | EX35: =_xll.IMDP("BND",EL35,EX8,EL3) -> 회사채(일반)
A36: 46316 | B36: KR6004944F33 | C36: 004944 | D36: 하나은행48-03이3갑-17 | E36: 0 | F36: 0.55 | G36: 0 | H36: 659108 | I36: 9860.02 | J36: 1.3667 | K36: =_xll.IMDP("BND",B36,K8,B3) -> 20280317 | L36: =_xll.IMDP("BND",B36,L8,B3) -> 4.062 | M36: =_xll.IMDP("BND",B36,M8,B3) -> 금융채 | N36: =_xll.IMDP("BND",B36,N8,B3) -> 은행채 | O36: 46316 | P36: KR350104GA41 | Q36: 50104G | R36: 한국전력1032 | S36: 0 | T36: 0.91 | U36: 0 | V36: 1241149 | W36: 9214.72 | X36: 3.2962 | Y36: =_xll.IMDP("BND",P36,Y8,P3) -> 20300407 | Z36: =_xll.IMDP("BND",P36,Z8,P3) -> 4.27 | AA36: =_xll.IMDP("BND",P36,AA8,P3) -> 공사공단채 | AB36: =_xll.IMDP("BND",P36,AB8,P3) -> 일반 | AM36: =_xll.IMDP("BND",AD36,AM8,AD3) -> 입력오류 | AN36: =_xll.IMDP("BND",AD36,AN8,AD3) -> 입력오류 | AO36: =_xll.IMDP("BND",AD36,AO8,AD3) -> 입력오류 | AP36: =_xll.IMDP("BND",AD36,AP8,AD3) -> 입력오류 | BA36: =_xll.IMDP("BND",AR36,BA8,AR3) -> 입력오류 | BB36: =_xll.IMDP("BND",AR36,BB8,AR3) -> 입력오류 | BC36: =_xll.IMDP("BND",AR36,BC8,AR3) -> 입력오류 | BD36: =_xll.IMDP("BND",AR36,BD8,AR3) -> 입력오류 | BO36: =_xll.IMDP("BND",BF36,BO8,BF3) -> 입력오류 | BP36: =_xll.IMDP("BND",BF36,BP8,BF3) -> 입력오류 | BQ36: =_xll.IMDP("BND",BF36,BQ8,BF3) -> 입력오류 | BR36: =_xll.IMDP("BND",BF36,BR8,BF3) -> 입력오류 | BS36: 46316 | BT36: KR6105562GA0 | BU36: 105562 | BV36: KB금융지주66-2 | BW36: 0 | BX36: 0.6 | BY36: 0 | BZ36: 865137 | CA36: 10064.95 | CB36: 4.4311 | CC36: =_xll.IMDP("BND",BT36,CC8,BT3) -> 20311007 | CD36: =_xll.IMDP("BND",BT36,CD8,BT3) -> 4.307 | CE36: =_xll.IMDP("BND",BT36,CE8,BT3) -> 회사채 | CF36: =_xll.IMDP("BND",BT36,CF8,BT3) -> 회사채(일반) | CG36: 46316 | CH36: KR6104232DA8 | CI36: 104232 | CJ36: 엘에스전선29-2 | CK36: 0 | CL36: 0.8 | CM36: 0 | CN36: 1009409 | CO36: 10126.4 | CP36: 0.0063 | CQ36: =_xll.IMDP("BND",CH36,CQ8,CH3) -> 20261023 | CR36: =_xll.IMDP("BND",CH36,CR8,CH3) -> 3.489 | CS36: =_xll.IMDP("BND",CH36,CS8,CH3) -> 회사채 | CT36: =_xll.IMDP("BND",CH36,CT8,CH3) -> 회사채(일반) | CU36: 46316 | CV36: KR6019453F59 | CW36: 019453 | CX36: 아이비케이캐피탈327-3 | CY36: 0 | CZ36: 2.3 | DA36: 0 | DB36: 2381058 | DC36: 9805.36 | DD36: 1.6144 | DE36: =_xll.IMDP("BND",CV36,DE8,CV3) -> 20280622 | DF36: =_xll.IMDP("BND",CV36,DF8,CV3) -> 4.3 | DG36: =_xll.IMDP("BND",CV36,DG8,CV3) -> 금융채 | DH36: =_xll.IMDP("BND",CV36,DH8,CV3) -> 기타금융채 | DI36: 46316 | DJ36: KR6079312F47 | DK36: 079312 | DL36: JB 우리캐피탈533-2 | DM36: 0 | DN36: 0.6 | DO36: 0 | DP36: 942531 | DQ36: 9874.92 | DR36: 0.9433 | DS36: =_xll.IMDP("BND",DJ36,DS8,DJ3) -> 20271007 | DT36: =_xll.IMDP("BND",DJ36,DT8,DJ3) -> 4.299 | DU36: =_xll.IMDP("BND",DJ36,DU8,DJ3) -> 금융채 | DV36: =_xll.IMDP("BND",DJ36,DV8,DJ3) -> 기타금융채 | EG36: =_xll.IMDP("BND",DX36,EG8,DX3) -> 입력오류 | EH36: =_xll.IMDP("BND",DX36,EH8,DX3) -> 입력오류 | EI36: =_xll.IMDP("BND",DX36,EI8,DX3) -> 입력오류 | EJ36: =_xll.IMDP("BND",DX36,EJ8,DX3) -> 입력오류 | EK36: 46316 | EL36: KR355001GG14 | EM36: 55001G | EN36: 경남개발공사37 | EO36: 0 | EP36: 1.01 | EQ36: 0 | ER36: 2314611 | ES36: 9877.92 | ET36: 1.2025 | EU36: =_xll.IMDP("BND",EL36,EU8,EL3) -> 20280114 | EV36: =_xll.IMDP("BND",EL36,EV8,EL3) -> 4.119 | EW36: =_xll.IMDP("BND",EL36,EW8,EL3) -> 공사공단채 | EX36: =_xll.IMDP("BND",EL36,EX8,EL3) -> 지방공기업
A37: 46316 | B37: KR6032717E71 | C37: 032717 | D37: 신한카드2226-2 | E37: 0 | F37: 0.55 | G37: 0 | H37: 658204 | I37: 9846.82 | J37: 1.6837 | K37: =_xll.IMDP("BND",B37,K8,B3) -> 20280719 | L37: =_xll.IMDP("BND",B37,L8,B3) -> 4.31 | M37: =_xll.IMDP("BND",B37,M8,B3) -> 금융채 | N37: =_xll.IMDP("BND",B37,N8,B3) -> 카드 | O37: 46316 | P37: KR103504GC97 | Q37: 03504G | R37: 국고03250-4209(22-11) | S37: 0 | T37: 0.83 | U37: 0 | V37: 1122037 | W37: 8867.54 | X37: 11.9722 | Y37: =_xll.IMDP("BND",P37,Y8,P3) -> 20420910 | Z37: =_xll.IMDP("BND",P37,Z8,P3) -> 4.27 | AA37: =_xll.IMDP("BND",P37,AA8,P3) -> 국채 | AB37: =_xll.IMDP("BND",P37,AB8,P3) -> 국고채권 | AM37: =_xll.IMDP("BND",AD37,AM8,AD3) -> 입력오류 | AN37: =_xll.IMDP("BND",AD37,AN8,AD3) -> 입력오류 | AO37: =_xll.IMDP("BND",AD37,AO8,AD3) -> 입력오류 | AP37: =_xll.IMDP("BND",AD37,AP8,AD3) -> 입력오류 | BA37: =_xll.IMDP("BND",AR37,BA8,AR3) -> 입력오류 | BB37: =_xll.IMDP("BND",AR37,BB8,AR3) -> 입력오류 | BC37: =_xll.IMDP("BND",AR37,BC8,AR3) -> 입력오류 | BD37: =_xll.IMDP("BND",AR37,BD8,AR3) -> 입력오류 | BO37: =_xll.IMDP("BND",BF37,BO8,BF3) -> 입력오류 | BP37: =_xll.IMDP("BND",BF37,BP8,BF3) -> 입력오류 | BQ37: =_xll.IMDP("BND",BF37,BQ8,BF3) -> 입력오류 | BR37: =_xll.IMDP("BND",BF37,BR8,BF3) -> 입력오류 | BS37: 46316 | BT37: KR6060002G82 | BU37: 060002 | BV37: 국민은행4608이표일(03)3-26 | BW37: 0 | BX37: 0.6 | BY37: 0 | BZ37: 864676 | CA37: 10059.04 | CB37: 2.6559 | CC37: =_xll.IMDP("BND",BT37,CC8,BT3) -> 20290826 | CD37: =_xll.IMDP("BND",BT37,CD8,BT3) -> 4.206 | CE37: =_xll.IMDP("BND",BT37,CE8,BT3) -> 금융채 | CF37: =_xll.IMDP("BND",BT37,CF8,BT3) -> 은행채 | CG37: 46316 | CH37: KR6169378EA9 | CI37: 169378 | CJ37: 메리츠캐피탈265-4 | CK37: 0 | CL37: 0.8 | CM37: 0 | CN37: 1007975 | CO37: 10111.88 | CP37: 0.2572 | CQ37: =_xll.IMDP("BND",CH37,CQ8,CH3) -> 20270125 | CR37: =_xll.IMDP("BND",CH37,CR8,CH3) -> 4.009 | CS37: =_xll.IMDP("BND",CH37,CS8,CH3) -> 금융채 | CT37: =_xll.IMDP("BND",CH37,CT8,CH3) -> 기타금융채 | CU37: 46316 | CV37: KR6029885F49 | CW37: 029885 | CX37: 현대캐피탈2049-1 | CY37: 0 | CZ37: 2.3 | DA37: 0 | DB37: 2380288 | DC37: 9802.32 | DD37: 1.4404 | DE37: =_xll.IMDP("BND",CV37,DE8,CV3) -> 20280414 | DF37: =_xll.IMDP("BND",CV37,DF8,CV3) -> 4.228 | DG37: =_xll.IMDP("BND",CV37,DG8,CV3) -> 금융채 | DH37: =_xll.IMDP("BND",CV37,DH8,CV3) -> 기타금융채 | DI37: 46316 | DJ37: KR350201GE80 | DK37: 50201G | DL37: 서울교통공사2024-2(녹) | DM37: 0 | DN37: 0.59 | DO37: 0 | DP37: 935974 | DQ37: 9805.6 | DR37: 2.6908 | DS37: =_xll.IMDP("BND",DJ37,DS8,DJ3) -> 20290828 | DT37: =_xll.IMDP("BND",DJ37,DT8,DJ3) -> 4.252 | DU37: =_xll.IMDP("BND",DJ37,DU8,DJ3) -> 공사공단채 | DV37: =_xll.IMDP("BND",DJ37,DV8,DJ3) -> 지방공기업 | EG37: =_xll.IMDP("BND",DX37,EG8,DX3) -> 입력오류 | EH37: =_xll.IMDP("BND",DX37,EH8,DX3) -> 입력오류 | EI37: =_xll.IMDP("BND",DX37,EI8,DX3) -> 입력오류 | EJ37: =_xll.IMDP("BND",DX37,EJ8,DX3) -> 입력오류 | EK37: 46316 | EL37: KR6030624F27 | EM37: 030624 | EN37: 롯데카드558-2 | EO37: 0 | EP37: 1.01 | EQ37: 0 | ER37: 2314285 | ES37: 9877.45 | ET37: 1.2655 | EU37: =_xll.IMDP("BND",EL37,EU8,EL3) -> 20280211 | EV37: =_xll.IMDP("BND",EL37,EV8,EL3) -> 4.663 | EW37: =_xll.IMDP("BND",EL37,EW8,EL3) -> 금융채 | EX37: =_xll.IMDP("BND",EL37,EX8,EL3) -> 카드
A38: 46316 | B38: KR350112GBB0 | C38: 50112G | D38: 한국전력1094 | E38: 0 | F38: 0.55 | G38: 0 | H38: 656518 | I38: 9821.05 | J38: 1.9852 | K38: =_xll.IMDP("BND",B38,K8,B3) -> 20281124 | L38: =_xll.IMDP("BND",B38,L8,B3) -> 4.18 | M38: =_xll.IMDP("BND",B38,M8,B3) -> 공사공단채 | N38: =_xll.IMDP("BND",B38,N8,B3) -> 일반 | O38: 46316 | P38: KR350102GA35 | Q38: 50102G | R38: 한국전력1023 | S38: 0 | T38: 0.82 | U38: 0 | V38: 1114888 | W38: 9932.5 | X38: 0.385 | Y38: =_xll.IMDP("BND",P38,Y8,P3) -> 20270312 | Z38: =_xll.IMDP("BND",P38,Z8,P3) -> 3.653 | AA38: =_xll.IMDP("BND",P38,AA8,P3) -> 공사공단채 | AB38: =_xll.IMDP("BND",P38,AB8,P3) -> 일반 | AM38: =_xll.IMDP("BND",AD38,AM8,AD3) -> 입력오류 | AN38: =_xll.IMDP("BND",AD38,AN8,AD3) -> 입력오류 | AO38: =_xll.IMDP("BND",AD38,AO8,AD3) -> 입력오류 | AP38: =_xll.IMDP("BND",AD38,AP8,AD3) -> 입력오류 | BA38: =_xll.IMDP("BND",AR38,BA8,AR3) -> 입력오류 | BB38: =_xll.IMDP("BND",AR38,BB8,AR3) -> 입력오류 | BC38: =_xll.IMDP("BND",AR38,BC8,AR3) -> 입력오류 | BD38: =_xll.IMDP("BND",AR38,BD8,AR3) -> 입력오류 | BO38: =_xll.IMDP("BND",BF38,BO8,BF3) -> 입력오류 | BP38: =_xll.IMDP("BND",BF38,BP8,BF3) -> 입력오류 | BQ38: =_xll.IMDP("BND",BF38,BQ8,BF3) -> 입력오류 | BR38: =_xll.IMDP("BND",BF38,BR8,BF3) -> 입력오류 | BS38: 46316 | BT38: KR6140173G93 | BU38: 140173 | BV38: 케이비국민카드455-4 | BW38: 0 | BX38: 0.6 | BY38: 0 | BZ38: 864524 | CA38: 10057.6 | CB38: 3.1088 | CC38: =_xll.IMDP("BND",BT38,CC8,BT3) -> 20300308 | CD38: =_xll.IMDP("BND",BT38,CD8,BT3) -> 4.426 | CE38: =_xll.IMDP("BND",BT38,CE8,BT3) -> 금융채 | CF38: =_xll.IMDP("BND",BT38,CF8,BT3) -> 카드 | CG38: 46316 | CH38: KR6016362E15 | CI38: 016362 | CJ38: 삼성증권20-2 | CK38: 0 | CL38: 0.8 | CM38: 0 | CN38: 1007670 | CO38: 10109.01 | CP38: 0.2576 | CQ38: =_xll.IMDP("BND",CH38,CQ8,CH3) -> 20270125 | CR38: =_xll.IMDP("BND",CH38,CR8,CH3) -> 3.653 | CS38: =_xll.IMDP("BND",CH38,CS8,CH3) -> 회사채 | CT38: =_xll.IMDP("BND",CH38,CT8,CH3) -> 회사채(일반) | CU38: 46316 | CV38: KR6079314F60 | CW38: 079314 | CX38: JB 우리캐피탈537-4 | CY38: 0 | CZ38: 2.3 | DA38: 0 | DB38: 2377748 | DC38: 9791.64 | DD38: 1.6074 | DE38: =_xll.IMDP("BND",CV38,DE8,CV3) -> 20280619 | DF38: =_xll.IMDP("BND",CV38,DF8,CV3) -> 4.387 | DG38: =_xll.IMDP("BND",CV38,DG8,CV3) -> 금융채 | DH38: =_xll.IMDP("BND",CV38,DH8,CV3) -> 기타금융채 | DI38: 46316 | DJ38: KR6000111F95 | DK38: 000111 | DL38: 스탠다드차타드은행25-09-이01-11 | DM38: 0 | DN38: 0.59 | DO38: 0 | DP38: 931543 | DQ38: 9758.87 | DR38: 1.8267 | DS38: =_xll.IMDP("BND",DJ38,DS8,DJ3) -> 20280911 | DT38: =_xll.IMDP("BND",DJ38,DT8,DJ3) -> 4.142 | DU38: =_xll.IMDP("BND",DJ38,DU8,DJ3) -> 금융채 | DV38: =_xll.IMDP("BND",DJ38,DV8,DJ3) -> 은행채 | EG38: =_xll.IMDP("BND",DX38,EG8,DX3) -> 입력오류 | EH38: =_xll.IMDP("BND",DX38,EH8,DX3) -> 입력오류 | EI38: =_xll.IMDP("BND",DX38,EI8,DX3) -> 입력오류 | EJ38: =_xll.IMDP("BND",DX38,EJ8,DX3) -> 입력오류 | EK38: 46316 | EL38: KR6018883A98 | EM38: 018883 | EN38: 한온시스템11-3 | EO38: 0 | EP38: 1.01 | EQ38: 0 | ER38: 2309847 | ES38: 9858.28 | ET38: 0.866 | EU38: =_xll.IMDP("BND",EL38,EU8,EL3) -> 20270909 | EV38: =_xll.IMDP("BND",EL38,EV8,EL3) -> 4.568 | EW38: =_xll.IMDP("BND",EL38,EW8,EL3) -> 회사채 | EX38: =_xll.IMDP("BND",EL38,EX8,EL3) -> 회사채(일반)
A39: 46316 | B39: KR6004023G10 | C39: 004023 | D39: 현대제철142-3 | E39: 0 | F39: 0.55 | G39: 0 | H39: 656430 | I39: 9819.54 | J39: 3.872 | K39: =_xll.IMDP("BND",B39,K8,B3) -> 20310121 | L39: =_xll.IMDP("BND",B39,L8,B3) -> 4.394 | M39: =_xll.IMDP("BND",B39,M8,B3) -> 회사채 | N39: =_xll.IMDP("BND",B39,N8,B3) -> 회사채(일반) | O39: 46316 | P39: KR103502GB66 | Q39: 03502G | R39: 국고02000-3106(21-5) | S39: 0 | T39: 0.8 | U39: 0 | V39: 1092839 | W39: 9233.05 | X39: 4.3215 | Y39: =_xll.IMDP("BND",P39,Y8,P3) -> 20310610 | Z39: =_xll.IMDP("BND",P39,Z8,P3) -> 4 | AA39: =_xll.IMDP("BND",P39,AA8,P3) -> 국채 | AB39: =_xll.IMDP("BND",P39,AB8,P3) -> 국고채권 | AM39: =_xll.IMDP("BND",AD39,AM8,AD3) -> 입력오류 | AN39: =_xll.IMDP("BND",AD39,AN8,AD3) -> 입력오류 | AO39: =_xll.IMDP("BND",AD39,AO8,AD3) -> 입력오류 | AP39: =_xll.IMDP("BND",AD39,AP8,AD3) -> 입력오류 | BA39: =_xll.IMDP("BND",AR39,BA8,AR3) -> 입력오류 | BB39: =_xll.IMDP("BND",AR39,BB8,AR3) -> 입력오류 | BC39: =_xll.IMDP("BND",AR39,BC8,AR3) -> 입력오류 | BD39: =_xll.IMDP("BND",AR39,BD8,AR3) -> 입력오류 | BO39: =_xll.IMDP("BND",BF39,BO8,BF3) -> 입력오류 | BP39: =_xll.IMDP("BND",BF39,BP8,BF3) -> 입력오류 | BQ39: =_xll.IMDP("BND",BF39,BQ8,BF3) -> 입력오류 | BR39: =_xll.IMDP("BND",BF39,BR8,BF3) -> 입력오류 | BS39: 46316 | BT39: KR381102GGA5 | BU39: 81102G | BV39: 농금채(중앙회)2026-10이3Y-B | BW39: 0 | BX39: 0.6 | BY39: 0 | BZ39: 864497 | CA39: 10057.73 | CB39: 2.7655 | CC39: =_xll.IMDP("BND",BT39,CC8,BT3) -> 20291008 | CD39: =_xll.IMDP("BND",BT39,CD8,BT3) -> 4.217 | CE39: =_xll.IMDP("BND",BT39,CE8,BT3) -> 공사공단채 | CF39: =_xll.IMDP("BND",BT39,CF8,BT3) -> 공사공단채 기타 | CG39: 46316 | CH39: KR6025083E22 | CI39: 025083 | CJ39: 하나에프앤아이187-3 | CK39: 0 | CL39: 0.79 | CM39: 0 | CN39: 1006876 | CO39: 10101 | CP39: 0.3138 | CQ39: =_xll.IMDP("BND",CH39,CQ8,CH3) -> 20270215 | CR39: =_xll.IMDP("BND",CH39,CR8,CH3) -> 3.923 | CS39: =_xll.IMDP("BND",CH39,CS8,CH3) -> 회사채 | CT39: =_xll.IMDP("BND",CH39,CT8,CH3) -> 회사채(일반) | CU39: 46316 | CV39: KR6029692F91 | CW39: 029692 | CX39: 롯데캐피탈484-2 | CY39: 0 | CZ39: 2.29 | DA39: 0 | DB39: 2375966 | DC39: 9785.18 | DD39: 1.8202 | DE39: =_xll.IMDP("BND",CV39,DE8,CV3) -> 20280915 | DF39: =_xll.IMDP("BND",CV39,DF8,CV3) -> 4.941 | DG39: =_xll.IMDP("BND",CV39,DG8,CV3) -> 금융채 | DH39: =_xll.IMDP("BND",CV39,DH8,CV3) -> 기타금융채 | DI39: 46316 | DJ39: KRZE08101GAL | DK39: E08101 | DL39: 하나 금융기관영업팀 20261020-365-1 | DM39: 0 | DN39: 0.58 | DO39: 0 | DP39: 918316 | DS39: =_xll.IMDP("BND",DJ39,DS8,DJ3) | DT39: =_xll.IMDP("BND",DJ39,DT8,DJ3) | DU39: =_xll.IMDP("BND",DJ39,DU8,DJ3) | DV39: =_xll.IMDP("BND",DJ39,DV8,DJ3) | EG39: =_xll.IMDP("BND",DX39,EG8,DX3) -> 입력오류 | EH39: =_xll.IMDP("BND",DX39,EH8,DX3) -> 입력오류 | EI39: =_xll.IMDP("BND",DX39,EI8,DX3) -> 입력오류 | EJ39: =_xll.IMDP("BND",DX39,EJ8,DX3) -> 입력오류 | EK39: 46316 | EL39: KR101501DDB9 | EM39: 01501D | EN39: 국민주택1종채권23-11 | EO39: 0 | EP39: 1.01 | EQ39: 0 | ER39: 2309090 | ES39: 9855.34 | ET39: 2.0337 | EU39: =_xll.IMDP("BND",EL39,EU8,EL3) -> 20281130 | EV39: =_xll.IMDP("BND",EL39,EV8,EL3) -> 3.819 | EW39: =_xll.IMDP("BND",EL39,EW8,EL3) -> 국채 | EX39: =_xll.IMDP("BND",EL39,EX8,EL3) -> 국민주택채권
A40: 46316 | B40: KR350105GBC2 | C40: 50105G | D40: 한국전력1102 | E40: 0 | F40: 0.54 | G40: 0 | H40: 652664 | I40: 9763.3 | J40: 2.0296 | K40: =_xll.IMDP("BND",B40,K8,B3) -> 20281209 | L40: =_xll.IMDP("BND",B40,L8,B3) -> 4.184 | M40: =_xll.IMDP("BND",B40,M8,B3) -> 공사공단채 | N40: =_xll.IMDP("BND",B40,N8,B3) -> 일반 | O40: 46316 | P40: KR103503GB99 | Q40: 03503G | R40: 국고01875-4109(21-9) | S40: 0 | T40: 0.67 | U40: 0 | V40: 910890 | W40: 7438.94 | X40: 12.3876 | Y40: =_xll.IMDP("BND",P40,Y8,P3) -> 20410910 | Z40: =_xll.IMDP("BND",P40,Z8,P3) -> 4.23 | AA40: =_xll.IMDP("BND",P40,AA8,P3) -> 국채 | AB40: =_xll.IMDP("BND",P40,AB8,P3) -> 국고채권 | AM40: =_xll.IMDP("BND",AD40,AM8,AD3) -> 입력오류 | AN40: =_xll.IMDP("BND",AD40,AN8,AD3) -> 입력오류 | AO40: =_xll.IMDP("BND",AD40,AO8,AD3) -> 입력오류 | AP40: =_xll.IMDP("BND",AD40,AP8,AD3) -> 입력오류 | BA40: =_xll.IMDP("BND",AR40,BA8,AR3) -> 입력오류 | BB40: =_xll.IMDP("BND",AR40,BB8,AR3) -> 입력오류 | BC40: =_xll.IMDP("BND",AR40,BC8,AR3) -> 입력오류 | BD40: =_xll.IMDP("BND",AR40,BD8,AR3) -> 입력오류 | BO40: =_xll.IMDP("BND",BF40,BO8,BF3) -> 입력오류 | BP40: =_xll.IMDP("BND",BF40,BP8,BF3) -> 입력오류 | BQ40: =_xll.IMDP("BND",BF40,BQ8,BF3) -> 입력오류 | BR40: =_xll.IMDP("BND",BF40,BR8,BF3) -> 입력오류 | BS40: 46316 | BT40: KR354701GG69 | BU40: 54701G | BV40: 부산교통공사2026-04(녹) | BW40: 0 | BX40: 0.6 | BY40: 0 | BZ40: 864288 | CA40: 10054.16 | CB40: 2.491 | CC40: =_xll.IMDP("BND",BT40,CC8,BT3) -> 20290618 | CD40: =_xll.IMDP("BND",BT40,CD8,BT3) -> 4.279 | CE40: =_xll.IMDP("BND",BT40,CE8,BT3) -> 공사공단채 | CF40: =_xll.IMDP("BND",BT40,CF8,BT3) -> 지방공기업 | CG40: 46316 | CH40: KR6214343DC6 | CI40: 214343 | CJ40: 한국투자캐피탈98-3 | CK40: 0 | CL40: 0.79 | CM40: 0 | CN40: 1006847 | CO40: 10100.47 | CP40: 0.1204 | CQ40: =_xll.IMDP("BND",CH40,CQ8,CH3) -> 20261204 | CR40: =_xll.IMDP("BND",CH40,CR8,CH3) -> 4.22 | CS40: =_xll.IMDP("BND",CH40,CS8,CH3) -> 금융채 | CT40: =_xll.IMDP("BND",CH40,CT8,CH3) -> 기타금융채 | CU40: 46316 | CV40: KR6079312F88 | CW40: 079312 | CX40: JB 우리캐피탈542-2 | CY40: 0 | CZ40: 2.29 | DA40: 0 | DB40: 2375422 | DC40: 9781.82 | DD40: 1.7405 | DE40: =_xll.IMDP("BND",CV40,DE8,CV3) -> 20280811 | DF40: =_xll.IMDP("BND",CV40,DF8,CV3) -> 4.433 | DG40: =_xll.IMDP("BND",CV40,DG8,CV3) -> 금융채 | DH40: =_xll.IMDP("BND",CV40,DH8,CV3) -> 기타금융채 | DI40: 46316 | DJ40: KRC0350C2835 | DK40: 0350C2 | DL40: 국고채이자분리채권03520-2803 | DM40: 0 | DN40: 0.57 | DO40: 0 | DP40: 906937 | DQ40: 9501.24 | DR40: 1.3352 | DS40: =_xll.IMDP("BND",DJ40,DS8,DJ3) -> 20280310 | DT40: =_xll.IMDP("BND",DJ40,DT8,DJ3) -> 3.755 | DU40: =_xll.IMDP("BND",DJ40,DU8,DJ3) -> 국채 | DV40: =_xll.IMDP("BND",DJ40,DV8,DJ3) -> 국고채권 | EG40: =_xll.IMDP("BND",DX40,EG8,DX3) -> 입력오류 | EH40: =_xll.IMDP("BND",DX40,EH8,DX3) -> 입력오류 | EI40: =_xll.IMDP("BND",DX40,EI8,DX3) -> 입력오류 | EJ40: =_xll.IMDP("BND",DX40,EJ8,DX3) -> 입력오류 | EK40: 46316 | EL40: KR6002551F31 | EM40: 002551 | EN40: 케이비손해보험3(후) | EO40: 0 | EP40: 1.01 | EQ40: 0 | ER40: 2307345 | ES40: 9856.03 | ET40: 3.6905 | EU40: =_xll.IMDP("BND",EL40,EU8,EL3) -> 20350312 | EV40: =_xll.IMDP("BND",EL40,EV8,EL3) -> 4.471 | EW40: =_xll.IMDP("BND",EL40,EW8,EL3) -> 회사채 | EX40: =_xll.IMDP("BND",EL40,EX8,EL3) -> 옵션부사채
A41: 46316 | B41: KR600827BF60 | C41: 00827B | D41: 산은캐피탈769-6 | E41: 0 | F41: 0.54 | G41: 0 | H41: 648779 | I41: 9704.94 | J41: 2.0971 | K41: =_xll.IMDP("BND",B41,K8,B3) -> 20281227 | L41: =_xll.IMDP("BND",B41,L8,B3) -> 4.43 | M41: =_xll.IMDP("BND",B41,M8,B3) -> 금융채 | N41: =_xll.IMDP("BND",B41,N8,B3) -> 기타금융채 | O41: 46316 | P41: KR103502GC32 | Q41: 03502G | R41: 국고02500-5203(22-2) | S41: 0 | T41: 0.65 | U41: 0 | V41: 886176 | W41: 7236.69 | X41: 17.144 | Y41: =_xll.IMDP("BND",P41,Y8,P3) -> 20520310 | Z41: =_xll.IMDP("BND",P41,Z8,P3) -> 4.321 | AA41: =_xll.IMDP("BND",P41,AA8,P3) -> 국채 | AB41: =_xll.IMDP("BND",P41,AB8,P3) -> 국고채권 | AM41: =_xll.IMDP("BND",AD41,AM8,AD3) -> 입력오류 | AN41: =_xll.IMDP("BND",AD41,AN8,AD3) -> 입력오류 | AO41: =_xll.IMDP("BND",AD41,AO8,AD3) -> 입력오류 | AP41: =_xll.IMDP("BND",AD41,AP8,AD3) -> 입력오류 | BA41: =_xll.IMDP("BND",AR41,BA8,AR3) -> 입력오류 | BB41: =_xll.IMDP("BND",AR41,BB8,AR3) -> 입력오류 | BC41: =_xll.IMDP("BND",AR41,BC8,AR3) -> 입력오류 | BD41: =_xll.IMDP("BND",AR41,BD8,AR3) -> 입력오류 | BO41: =_xll.IMDP("BND",BF41,BO8,BF3) -> 입력오류 | BP41: =_xll.IMDP("BND",BF41,BP8,BF3) -> 입력오류 | BQ41: =_xll.IMDP("BND",BF41,BQ8,BF3) -> 입력오류 | BR41: =_xll.IMDP("BND",BF41,BR8,BF3) -> 입력오류 | BS41: 46316 | BT41: KR310511GG87 | BU41: 10511G | BV41: 기업은행(신)2608이3A-13(사) | BW41: 0 | BX41: 0.6 | BY41: 0 | BZ41: 863798 | CA41: 10048.92 | CB41: 2.6276 | CC41: =_xll.IMDP("BND",BT41,CC8,BT3) -> 20290813 | CD41: =_xll.IMDP("BND",BT41,CD8,BT3) -> 4.119 | CE41: =_xll.IMDP("BND",BT41,CE8,BT3) -> 금융채 | CF41: =_xll.IMDP("BND",BT41,CF8,BT3) -> 은행채 | CG41: 46316 | CH41: KR6136301E23 | CI41: 136301 | CJ41: 알씨아이파이낸셜121 | CK41: 0 | CL41: 0.79 | CM41: 0 | CN41: 1006401 | CO41: 10095.94 | CP41: 0.3434 | CQ41: =_xll.IMDP("BND",CH41,CQ8,CH3) -> 20270226 | CR41: =_xll.IMDP("BND",CH41,CR8,CH3) -> 3.941 | CS41: =_xll.IMDP("BND",CH41,CS8,CH3) -> 금융채 | CT41: =_xll.IMDP("BND",CH41,CT8,CH3) -> 기타금융채 | CU41: 46316 | CV41: KR6280361F74 | CW41: 280361 | CX41: 롯데웰푸드73-1 | CY41: 0 | CZ41: 2.29 | DA41: 0 | DB41: 2374897 | DC41: 9779.83 | DD41: 1.6397 | DE41: =_xll.IMDP("BND",CV41,DE8,CV3) -> 20280630 | DF41: =_xll.IMDP("BND",CV41,DF8,CV3) -> 4.238 | DG41: =_xll.IMDP("BND",CV41,DG8,CV3) -> 회사채 | DH41: =_xll.IMDP("BND",CV41,DH8,CV3) -> 회사채(일반) | DI41: 46316 | DJ41: KR606590BGA1 | DK41: 06590B | DL41: 현대카드975-5 | DM41: 0 | DN41: 0.57 | DO41: 0 | DP41: 906839 | DQ41: 10001.18 | DR41: 2.7931 | DS41: =_xll.IMDP("BND",DJ41,DS8,DJ3) -> 20291019 | DT41: =_xll.IMDP("BND",DJ41,DT8,DJ3) -> 4.417 | DU41: =_xll.IMDP("BND",DJ41,DU8,DJ3) -> 금융채 | DV41: =_xll.IMDP("BND",DJ41,DV8,DJ3) -> 카드 | EG41: =_xll.IMDP("BND",DX41,EG8,DX3) -> 입력오류 | EH41: =_xll.IMDP("BND",DX41,EH8,DX3) -> 입력오류 | EI41: =_xll.IMDP("BND",DX41,EI8,DX3) -> 입력오류 | EJ41: =_xll.IMDP("BND",DX41,EJ8,DX3) -> 입력오류 | EK41: 46316 | EL41: KR6316141995 | EM41: 316141 | EN41: 우리금융조건부(상)3-1(후) | EO41: 0 | EP41: 1.01 | EQ41: 0 | ER41: 2304704 | ES41: 9835.38 | ET41: 0.8632 | EU41: =_xll.IMDP("BND",EL41,EU8,EL3) -> 20270906 | EV41: =_xll.IMDP("BND",EL41,EV8,EL3) -> 4.357 | EW41: =_xll.IMDP("BND",EL41,EW8,EL3) -> 회사채 | EX41: =_xll.IMDP("BND",EL41,EX8,EL3) -> 회사채(일반)
A42: 46316 | B42: KR6066563752 | C42: 066563 | D42: 한국중부발전38-3 | E42: 0 | F42: 0.51 | G42: 0 | H42: 611368 | I42: 9146.27 | J42: 5.1251 | K42: =_xll.IMDP("BND",B42,K8,B3) -> 20320525 | L42: =_xll.IMDP("BND",B42,L8,B3) -> 4.41 | M42: =_xll.IMDP("BND",B42,M8,B3) -> 회사채 | N42: =_xll.IMDP("BND",B42,N8,B3) -> 회사채(일반) | O42: 46316 | P42: KR6034733891 | Q42: 034733 | R42: SK285-3 | S42: 0 | T42: 0.58 | U42: 0 | V42: 792878 | W42: 9712.39 | X42: 1.814 | Y42: =_xll.IMDP("BND",P42,Y8,P3) -> 20280906 | Z42: =_xll.IMDP("BND",P42,Z8,P3) -> 4.324 | AA42: =_xll.IMDP("BND",P42,AA8,P3) -> 회사채 | AB42: =_xll.IMDP("BND",P42,AB8,P3) -> 회사채(일반) | AM42: =_xll.IMDP("BND",AD42,AM8,AD3) -> 입력오류 | AN42: =_xll.IMDP("BND",AD42,AN8,AD3) -> 입력오류 | AO42: =_xll.IMDP("BND",AD42,AO8,AD3) -> 입력오류 | AP42: =_xll.IMDP("BND",AD42,AP8,AD3) -> 입력오류 | BA42: =_xll.IMDP("BND",AR42,BA8,AR3) -> 입력오류 | BB42: =_xll.IMDP("BND",AR42,BB8,AR3) -> 입력오류 | BC42: =_xll.IMDP("BND",AR42,BC8,AR3) -> 입력오류 | BD42: =_xll.IMDP("BND",AR42,BD8,AR3) -> 입력오류 | BO42: =_xll.IMDP("BND",BF42,BO8,BF3) -> 입력오류 | BP42: =_xll.IMDP("BND",BF42,BP8,BF3) -> 입력오류 | BQ42: =_xll.IMDP("BND",BF42,BQ8,BF3) -> 입력오류 | BR42: =_xll.IMDP("BND",BF42,BR8,BF3) -> 입력오류 | BS42: 46316 | BT42: KR6176943G47 | BU42: 176943 | BV42: 아이엠캐피탈149-1 | BW42: 0 | BX42: 0.6 | BY42: 0 | BZ42: 862529 | CA42: 10034.38 | CB42: 1.518 | CC42: =_xll.IMDP("BND",BT42,CC8,BT3) -> 20280524 | CD42: =_xll.IMDP("BND",BT42,CD8,BT3) -> 4.406 | CE42: =_xll.IMDP("BND",BT42,CE8,BT3) -> 금융채 | CF42: =_xll.IMDP("BND",BT42,CF8,BT3) -> 기타금융채 | CG42: 46316 | CH42: KR6131793E11 | CI42: 131793 | CJ42: 연합자산관리35-2 | CK42: 0 | CL42: 0.79 | CM42: 0 | CN42: 1006360 | CO42: 10095.62 | CP42: 0.2697 | CQ42: =_xll.IMDP("BND",CH42,CQ8,CH3) -> 20270129 | CR42: =_xll.IMDP("BND",CH42,CR8,CH3) -> 3.717 | CS42: =_xll.IMDP("BND",CH42,CS8,CH3) -> 회사채 | CT42: =_xll.IMDP("BND",CH42,CT8,CH3) -> 회사채(일반) | CU42: 46316 | CV42: KR6000664955 | CW42: 000664 | CX42: 에스케이하이닉스220-4 | CY42: 0 | CZ42: 2.26 | DA42: 0 | DB42: 2338496 | DC42: 9628.96 | DD42: 2.4383 | DE42: =_xll.IMDP("BND",CV42,DE8,CV3) -> 20290509 | DF42: =_xll.IMDP("BND",CV42,DF8,CV3) -> 4.296 | DG42: =_xll.IMDP("BND",CV42,DG8,CV3) -> 회사채 | DH42: =_xll.IMDP("BND",CV42,DH8,CV3) -> 회사채(일반) | DI42: 46316 | DJ42: KR103503GG60 | DK42: 03503G | DL42: 국고채권04250-3606(26-6) | DM42: 0 | DN42: 0.49 | DO42: 0 | DP42: 779808 | DQ42: 10212.57 | DR42: 7.734 | DS42: =_xll.IMDP("BND",DJ42,DS8,DJ3) -> 20360610 | DT42: =_xll.IMDP("BND",DJ42,DT8,DJ3) -> 4.175 | DU42: =_xll.IMDP("BND",DJ42,DU8,DJ3) -> 국채 | DV42: =_xll.IMDP("BND",DJ42,DV8,DJ3) -> 국고채권 | EG42: =_xll.IMDP("BND",DX42,EG8,DX3) -> 입력오류 | EH42: =_xll.IMDP("BND",DX42,EH8,DX3) -> 입력오류 | EI42: =_xll.IMDP("BND",DX42,EI8,DX3) -> 입력오류 | EJ42: =_xll.IMDP("BND",DX42,EJ8,DX3) -> 입력오류 | EK42: 46316 | EL42: KR609592AE74 | EM42: 09592A | EN42: 현대커머셜526-4 | EO42: 0 | EP42: 1.01 | EQ42: 0 | ER42: 2304393 | ES42: 9835.1 | ET42: 2.6051 | EU42: =_xll.IMDP("BND",EL42,EU8,EL3) -> 20290730 | EV42: =_xll.IMDP("BND",EL42,EV8,EL3) -> 4.476 | EW42: =_xll.IMDP("BND",EL42,EW8,EL3) -> 금융채 | EX42: =_xll.IMDP("BND",EL42,EX8,EL3) -> 기타금융채
A43: 46316 | B43: KR6063622F95 | C43: 063622 | D43: 한국서부발전72-2 | E43: 0 | F43: 0.5 | G43: 0 | H43: 606403 | I43: 9071.4 | J43: 7.5445 | K43: =_xll.IMDP("BND",B43,K8,B3) -> 20350831 | L43: =_xll.IMDP("BND",B43,L8,B3) -> 4.577 | M43: =_xll.IMDP("BND",B43,M8,B3) -> 회사채 | N43: =_xll.IMDP("BND",B43,N8,B3) -> 회사채(일반) | O43: 46316 | P43: KR103502GD64 | Q43: 03502G | R43: 국고03250-3306(23-5) | S43: 0 | T43: 0.58 | U43: 0 | V43: 788613 | W43: 9660.19 | X43: 5.8173 | Y43: =_xll.IMDP("BND",P43,Y8,P3) -> 20330610 | Z43: =_xll.IMDP("BND",P43,Z8,P3) -> 4.042 | AA43: =_xll.IMDP("BND",P43,AA8,P3) -> 국채 | AB43: =_xll.IMDP("BND",P43,AB8,P3) -> 국고채권 | AM43: =_xll.IMDP("BND",AD43,AM8,AD3) -> 입력오류 | AN43: =_xll.IMDP("BND",AD43,AN8,AD3) -> 입력오류 | AO43: =_xll.IMDP("BND",AD43,AO8,AD3) -> 입력오류 | AP43: =_xll.IMDP("BND",AD43,AP8,AD3) -> 입력오류 | BA43: =_xll.IMDP("BND",AR43,BA8,AR3) -> 입력오류 | BB43: =_xll.IMDP("BND",AR43,BB8,AR3) -> 입력오류 | BC43: =_xll.IMDP("BND",AR43,BC8,AR3) -> 입력오류 | BD43: =_xll.IMDP("BND",AR43,BD8,AR3) -> 입력오류 | BO43: =_xll.IMDP("BND",BF43,BO8,BF3) -> 입력오류 | BP43: =_xll.IMDP("BND",BF43,BP8,BF3) -> 입력오류 | BQ43: =_xll.IMDP("BND",BF43,BQ8,BF3) -> 입력오류 | BR43: =_xll.IMDP("BND",BF43,BR8,BF3) -> 입력오류 | BS43: 46316 | BT43: KR6019802G72 | BU43: 019802 | BV43: 하나캐피탈484-2 | BW43: 0 | BX43: 0.6 | BY43: 0 | BZ43: 862460 | CA43: 10033.96 | CB43: 1.6205 | CC43: =_xll.IMDP("BND",BT43,CC8,BT3) -> 20280630 | CD43: =_xll.IMDP("BND",BT43,CD8,BT3) -> 4.315 | CE43: =_xll.IMDP("BND",BT43,CE8,BT3) -> 금융채 | CF43: =_xll.IMDP("BND",BT43,CF8,BT3) -> 기타금융채 | CG43: 46316 | CH43: KR381103GE19 | CI43: 81103G | CJ43: 농금채(중앙회)2024-1이3Y-C | CK43: 0 | CL43: 0.79 | CM43: 0 | CN43: 1006248 | CO43: 10094.66 | CP43: 0.2553 | CQ43: =_xll.IMDP("BND",CH43,CQ8,CH3) -> 20270124 | CR43: =_xll.IMDP("BND",CH43,CR8,CH3) -> 3.438 | CS43: =_xll.IMDP("BND",CH43,CS8,CH3) -> 공사공단채 | CT43: =_xll.IMDP("BND",CH43,CT8,CH3) -> 공사공단채 기타 | CU43: 46316 | CV43: KR6097248F97 | CW43: 097248 | CX43: 엔에이치농협캐피탈252-8 | CY43: 0 | CZ43: 1.71 | DA43: 0 | DB43: 1771285 | DC43: 9725.8 | DD43: 1.8606 | DE43: =_xll.IMDP("BND",CV43,DE8,CV3) -> 20280925 | DF43: =_xll.IMDP("BND",CV43,DF8,CV3) -> 4.417 | DG43: =_xll.IMDP("BND",CV43,DG8,CV3) -> 금융채 | DH43: =_xll.IMDP("BND",CV43,DH8,CV3) -> 기타금융채 | DI43: 46316 | DJ43: KR4A656C0009 | DK43: A656C000 | DL43: 3년국채 F 202612 | DM43: 0 | DN43: 0.46 | DO43: -0.0071 | DP43: -731726 | DS43: =_xll.IMDP("BND",DJ43,DS8,DJ3) | DT43: =_xll.IMDP("BND",DJ43,DT8,DJ3) | DU43: =_xll.IMDP("BND",DJ43,DU8,DJ3) | DV43: =_xll.IMDP("BND",DJ43,DV8,DJ3) | EG43: =_xll.IMDP("BND",DX43,EG8,DX3) -> 입력오류 | EH43: =_xll.IMDP("BND",DX43,EH8,DX3) -> 입력오류 | EI43: =_xll.IMDP("BND",DX43,EI8,DX3) -> 입력오류 | EJ43: =_xll.IMDP("BND",DX43,EJ8,DX3) -> 입력오류 | EK43: 46316 | EL43: KR6096772F93 | EM43: 096772 | EN43: SK이노베이션24-2 | EO43: 0 | EP43: 1 | EQ43: 0 | ER43: 2292699 | ES43: 9784.84 | ET43: 1.8014 | EU43: =_xll.IMDP("BND",EL43,EU8,EL3) -> 20280904 | EV43: =_xll.IMDP("BND",EL43,EV8,EL3) -> 4.378 | EW43: =_xll.IMDP("BND",EL43,EW8,EL3) -> 회사채 | EX43: =_xll.IMDP("BND",EL43,EX8,EL3) -> 회사채(일반)
A44: 46316 | B44: KR103502GD31 | C44: 03502G | D44: 국고03250-5303(23-2) | E44: 0 | F44: 0.48 | G44: 0 | H44: 581505 | I44: 8367.21 | J44: 16.5705 | K44: =_xll.IMDP("BND",B44,K8,B3) -> 20530310 | L44: =_xll.IMDP("BND",B44,L8,B3) -> 4.315 | M44: =_xll.IMDP("BND",B44,M8,B3) -> 국채 | N44: =_xll.IMDP("BND",B44,N8,B3) -> 국고채권 | O44: 46316 | P44: KR103502GBC0 | Q44: 03502G | R44: 국고02375-3112(21-11) | S44: 0 | T44: 0.56 | U44: 0 | V44: 762842 | W44: 9344.93 | X44: 4.7166 | Y44: =_xll.IMDP("BND",P44,Y8,P3) -> 20311210 | Z44: =_xll.IMDP("BND",P44,Z8,P3) -> 3.984 | AA44: =_xll.IMDP("BND",P44,AA8,P3) -> 국채 | AB44: =_xll.IMDP("BND",P44,AB8,P3) -> 국고채권 | AM44: =_xll.IMDP("BND",AD44,AM8,AD3) -> 입력오류 | AN44: =_xll.IMDP("BND",AD44,AN8,AD3) -> 입력오류 | AO44: =_xll.IMDP("BND",AD44,AO8,AD3) -> 입력오류 | AP44: =_xll.IMDP("BND",AD44,AP8,AD3) -> 입력오류 | BA44: =_xll.IMDP("BND",AR44,BA8,AR3) -> 입력오류 | BB44: =_xll.IMDP("BND",AR44,BB8,AR3) -> 입력오류 | BC44: =_xll.IMDP("BND",AR44,BC8,AR3) -> 입력오류 | BD44: =_xll.IMDP("BND",AR44,BD8,AR3) -> 입력오류 | BO44: =_xll.IMDP("BND",BF44,BO8,BF3) -> 입력오류 | BP44: =_xll.IMDP("BND",BF44,BP8,BF3) -> 입력오류 | BQ44: =_xll.IMDP("BND",BF44,BQ8,BF3) -> 입력오류 | BR44: =_xll.IMDP("BND",BF44,BR8,BF3) -> 입력오류 | BS44: 46316 | BT44: KR601980CG44 | BU44: 01980C | BV44: 하나캐피탈479-3 | BW44: 0 | BX44: 0.6 | BY44: 0 | BZ44: 861755 | CA44: 10025.31 | CB44: 2.3622 | CC44: =_xll.IMDP("BND",BT44,CC8,BT3) -> 20290430 | CD44: =_xll.IMDP("BND",BT44,CD8,BT3) -> 4.433 | CE44: =_xll.IMDP("BND",BT44,CE8,BT3) -> 금융채 | CF44: =_xll.IMDP("BND",BT44,CF8,BT3) -> 기타금융채 | CG44: 46316 | CH44: KR6008277DB8 | CI44: 008277 | CJ44: 산은캐피탈720-4 | CK44: 0 | CL44: 0.79 | CM44: 0 | CN44: 1006032 | CO44: 10092.42 | CP44: 0.0819 | CQ44: =_xll.IMDP("BND",CH44,CQ8,CH3) -> 20261120 | CR44: =_xll.IMDP("BND",CH44,CR8,CH3) -> 3.478 | CS44: =_xll.IMDP("BND",CH44,CS8,CH3) -> 금융채 | CT44: =_xll.IMDP("BND",CH44,CT8,CH3) -> 기타금융채 | CU44: 46316 | CV44: KR6144802F38 | CW44: 144802 | CX44: 현대종합특수강12-2 | CY44: 0 | CZ44: 1.62 | DA44: 0 | DB44: 1682046 | DC44: 9894.46 | DD44: 1.3455 | DE44: =_xll.IMDP("BND",CV44,DE8,CV3) -> 20280313 | DF44: =_xll.IMDP("BND",CV44,DF8,CV3) -> 4.797 | DG44: =_xll.IMDP("BND",CV44,DG8,CV3) -> 회사채 | DH44: =_xll.IMDP("BND",CV44,DH8,CV3) -> 회사채(일반) | DI44: 46316 | DJ44: KR103502G4C9 | DK44: 03502G | DL44: 국고채권02750-4412(14-7) | DM44: 0 | DN44: 0.43 | DO44: 0 | DP44: 680266 | DQ44: 8192.42 | DR44: 13.4418 | DS44: =_xll.IMDP("BND",DJ44,DS8,DJ3) -> 20441210 | DT44: =_xll.IMDP("BND",DJ44,DT8,DJ3) -> 4.271 | DU44: =_xll.IMDP("BND",DJ44,DU8,DJ3) -> 국채 | DV44: =_xll.IMDP("BND",DJ44,DV8,DJ3) -> 국고채권 | EG44: =_xll.IMDP("BND",DX44,EG8,DX3) -> 입력오류 | EH44: =_xll.IMDP("BND",DX44,EH8,DX3) -> 입력오류 | EI44: =_xll.IMDP("BND",DX44,EI8,DX3) -> 입력오류 | EJ44: =_xll.IMDP("BND",DX44,EJ8,DX3) -> 입력오류 | EK44: 46316 | EL44: KR355701GF75 | EM44: 55701G | EN44: 울산광역시도시공사20 | EO44: 0 | EP44: 1 | EQ44: 0 | ER44: 2287368 | ES44: 9761.86 | ET44: 1.6892 | EU44: =_xll.IMDP("BND",EL44,EU8,EL3) -> 20280718 | EV44: =_xll.IMDP("BND",EL44,EV8,EL3) -> 4.19 | EW44: =_xll.IMDP("BND",EL44,EW8,EL3) -> 공사공단채 | EX44: =_xll.IMDP("BND",EL44,EX8,EL3) -> 지방공기업
A45: 46316 | B45: KR350103GF21 | C45: 50103G | D45: 한국전력1462 | E45: 0 | F45: 0.48 | G45: 0 | H45: 580594 | I45: 9650.88 | J45: 3.0788 | K45: =_xll.IMDP("BND",B45,K8,B3) -> 20300206 | L45: =_xll.IMDP("BND",B45,L8,B3) -> 4.262 | M45: =_xll.IMDP("BND",B45,M8,B3) -> 공사공단채 | N45: =_xll.IMDP("BND",B45,N8,B3) -> 일반 | O45: 46316 | P45: KR103502GA67 | Q45: 03502G | R45: 국고채권01375-3006(20-4) | S45: 0 | T45: 0.33 | U45: 0 | V45: 449828 | W45: 9184.15 | X45: 3.4692 | Y45: =_xll.IMDP("BND",P45,Y8,P3) -> 20300610 | Z45: =_xll.IMDP("BND",P45,Z8,P3) -> 3.953 | AA45: =_xll.IMDP("BND",P45,AA8,P3) -> 국채 | AB45: =_xll.IMDP("BND",P45,AB8,P3) -> 국고채권 | AM45: =_xll.IMDP("BND",AD45,AM8,AD3) -> 입력오류 | AN45: =_xll.IMDP("BND",AD45,AN8,AD3) -> 입력오류 | AO45: =_xll.IMDP("BND",AD45,AO8,AD3) -> 입력오류 | AP45: =_xll.IMDP("BND",AD45,AP8,AD3) -> 입력오류 | BA45: =_xll.IMDP("BND",AR45,BA8,AR3) -> 입력오류 | BB45: =_xll.IMDP("BND",AR45,BB8,AR3) -> 입력오류 | BC45: =_xll.IMDP("BND",AR45,BC8,AR3) -> 입력오류 | BD45: =_xll.IMDP("BND",AR45,BD8,AR3) -> 입력오류 | BO45: =_xll.IMDP("BND",BF45,BO8,BF3) -> 입력오류 | BP45: =_xll.IMDP("BND",BF45,BP8,BF3) -> 입력오류 | BQ45: =_xll.IMDP("BND",BF45,BQ8,BF3) -> 입력오류 | BR45: =_xll.IMDP("BND",BF45,BR8,BF3) -> 입력오류 | BS45: 46316 | BT45: KR6008278G47 | BU45: 008278 | BV45: 산은캐피탈786-4 | BW45: 0 | BX45: 0.6 | BY45: 0 | BZ45: 861270 | CA45: 10019.38 | CB45: 2.3529 | CC45: =_xll.IMDP("BND",BT45,CC8,BT3) -> 20290427 | CD45: =_xll.IMDP("BND",BT45,CD8,BT3) -> 4.447 | CE45: =_xll.IMDP("BND",BT45,CE8,BT3) -> 금융채 | CF45: =_xll.IMDP("BND",BT45,CF8,BT3) -> 기타금융채 | CG45: 46316 | CH45: KR6008563DB1 | CI45: 008563 | CJ45: 메리츠증권2311-3 | CK45: 0 | CL45: 0.79 | CM45: 0 | CN45: 1005411 | CO45: 10086.29 | CP45: 0.09 | CQ45: =_xll.IMDP("BND",CH45,CQ8,CH3) -> 20261123 | CR45: =_xll.IMDP("BND",CH45,CR8,CH3) -> 3.554 | CS45: =_xll.IMDP("BND",CH45,CS8,CH3) -> 회사채 | CT45: =_xll.IMDP("BND",CH45,CT8,CH3) -> 회사채(일반) | CU45: 46316 | CV45: KR6068402EB7 | CW45: 068402 | CX45: SK렌터카58-2 | CY45: 0 | CZ45: 1.4 | DA45: 0 | DB45: 1452578 | DC45: 9968.58 | DD45: 1.0239 | DE45: =_xll.IMDP("BND",CV45,DE8,CV3) -> 20271108 | DF45: =_xll.IMDP("BND",CV45,DF8,CV3) -> 4.53 | DG45: =_xll.IMDP("BND",CV45,DG8,CV3) -> 회사채 | DH45: =_xll.IMDP("BND",CV45,DH8,CV3) -> 회사채(일반) | DI45: 46316 | DJ45: KR103504GF94 | DK45: 03504G | DL45: 국고채권02750-4509(25-9) | DM45: 0 | DN45: 0.41 | DO45: 0 | DP45: 655284 | DQ45: 8076.96 | DR45: 13.9471 | DS45: =_xll.IMDP("BND",DJ45,DS8,DJ3) -> 20450910 | DT45: =_xll.IMDP("BND",DJ45,DT8,DJ3) -> 4.267 | DU45: =_xll.IMDP("BND",DJ45,DU8,DJ3) -> 국채 | DV45: =_xll.IMDP("BND",DJ45,DV8,DJ3) -> 국고채권 | EG45: =_xll.IMDP("BND",DX45,EG8,DX3) -> 입력오류 | EH45: =_xll.IMDP("BND",DX45,EH8,DX3) -> 입력오류 | EI45: =_xll.IMDP("BND",DX45,EI8,DX3) -> 입력오류 | EJ45: =_xll.IMDP("BND",DX45,EJ8,DX3) -> 입력오류 | EK45: 46316 | EL45: KR6047812F15 | EM45: 047812 | EN45: 한국항공우주산업28-2 | EO45: 0 | EP45: 0.99 | EQ45: 0 | ER45: 2268762 | ES45: 9683 | ET45: 3.0497 | EU45: =_xll.IMDP("BND",EL45,EU8,EL3) -> 20300124 | EV45: =_xll.IMDP("BND",EL45,EV8,EL3) -> 4.449 | EW45: =_xll.IMDP("BND",EL45,EW8,EL3) -> 회사채 | EX45: =_xll.IMDP("BND",EL45,EX8,EL3) -> 회사채(일반)
A46: 46316 | B46: KR103505GC96 | C46: 03505G | D46: 국고03500-7209(22-12) | E46: 0 | F46: 0.48 | G46: 0 | H46: 577576 | I46: 8639.64 | J46: 20.9237 | K46: =_xll.IMDP("BND",B46,K8,B3) -> 20720910 | L46: =_xll.IMDP("BND",B46,L8,B3) -> 4.189 | M46: =_xll.IMDP("BND",B46,M8,B3) -> 국채 | N46: =_xll.IMDP("BND",B46,N8,B3) -> 국고채권 | O46: 46316 | P46: KR103501GE64 | Q46: 03501G | R46: 국고채03250-2706(24-4) | S46: 0 | T46: 0.3 | U46: 0 | V46: 412181 | W46: 10098.57 | X46: 0.6182 | Y46: =_xll.IMDP("BND",P46,Y8,P3) -> 20270610 | Z46: =_xll.IMDP("BND",P46,Z8,P3) -> 3.553 | AA46: =_xll.IMDP("BND",P46,AA8,P3) -> 국채 | AB46: =_xll.IMDP("BND",P46,AB8,P3) -> 국고채권 | AM46: =_xll.IMDP("BND",AD46,AM8,AD3) -> 입력오류 | AN46: =_xll.IMDP("BND",AD46,AN8,AD3) -> 입력오류 | AO46: =_xll.IMDP("BND",AD46,AO8,AD3) -> 입력오류 | AP46: =_xll.IMDP("BND",AD46,AP8,AD3) -> 입력오류 | BA46: =_xll.IMDP("BND",AR46,BA8,AR3) -> 입력오류 | BB46: =_xll.IMDP("BND",AR46,BB8,AR3) -> 입력오류 | BC46: =_xll.IMDP("BND",AR46,BC8,AR3) -> 입력오류 | BD46: =_xll.IMDP("BND",AR46,BD8,AR3) -> 입력오류 | BO46: =_xll.IMDP("BND",BF46,BO8,BF3) -> 입력오류 | BP46: =_xll.IMDP("BND",BF46,BP8,BF3) -> 입력오류 | BQ46: =_xll.IMDP("BND",BF46,BQ8,BF3) -> 입력오류 | BR46: =_xll.IMDP("BND",BF46,BR8,BF3) -> 입력오류 | BS46: 46316 | BT46: KR6033667G77 | BU46: 033667 | BV46: 우리금융캐피탈553-7 | BW46: 0 | BX46: 0.6 | BY46: 0 | BZ46: 861101 | CA46: 10018.02 | CB46: 1.7246 | CC46: =_xll.IMDP("BND",BT46,CC8,BT3) -> 20280810 | CD46: =_xll.IMDP("BND",BT46,CD8,BT3) -> 4.382 | CE46: =_xll.IMDP("BND",BT46,CE8,BT3) -> 금융채 | CF46: =_xll.IMDP("BND",BT46,CF8,BT3) -> 기타금융채 | CG46: 46316 | CH46: KR6029271EA6 | CI46: 029271 | CJ46: SK실트론51-1 | CK46: 0 | CL46: 0.79 | CM46: 0 | CN46: 1004956 | CO46: 10081.73 | CP46: 0.0063 | CQ46: =_xll.IMDP("BND",CH46,CQ8,CH3) -> 20261023 | CR46: =_xll.IMDP("BND",CH46,CR8,CH3) -> 3.574 | CS46: =_xll.IMDP("BND",CH46,CS8,CH3) -> 회사채 | CT46: =_xll.IMDP("BND",CH46,CT8,CH3) -> 회사채(일반) | CU46: 46316 | CV46: KR6003491F16 | CW46: 003491 | CX46: 대한항공110-1 | CY46: 0 | CZ46: 1.4 | DA46: 0 | DB46: 1451890 | DC46: 9964.39 | DD46: 1.2328 | DE46: =_xll.IMDP("BND",CV46,DE8,CV3) -> 20280131 | DF46: =_xll.IMDP("BND",CV46,DF8,CV3) -> 4.411 | DG46: =_xll.IMDP("BND",CV46,DG8,CV3) -> 회사채 | DH46: =_xll.IMDP("BND",CV46,DH8,CV3) -> 회사채(일반) | DI46: 46316 | DJ46: KR353603GG78 | DK46: 53603G | DL46: 경기주택도시공사26-07-143 | DM46: 0 | DN46: 0.4 | DO46: 0 | DP46: 629323 | DQ46: 10143.56 | DR46: 2.5192 | DS46: =_xll.IMDP("BND",DJ46,DS8,DJ3) -> 20290713 | DT46: =_xll.IMDP("BND",DJ46,DT8,DJ3) -> 4.235 | DU46: =_xll.IMDP("BND",DJ46,DU8,DJ3) -> 공사공단채 | DV46: =_xll.IMDP("BND",DJ46,DV8,DJ3) -> 지방공기업 | EG46: =_xll.IMDP("BND",DX46,EG8,DX3) -> 입력오류 | EH46: =_xll.IMDP("BND",DX46,EH8,DX3) -> 입력오류 | EI46: =_xll.IMDP("BND",DX46,EI8,DX3) -> 입력오류 | EJ46: =_xll.IMDP("BND",DX46,EJ8,DX3) -> 입력오류 | EK46: 46316 | EL46: KR6086793F24 | EM46: 086793 | EN46: 하나금융지주65-3 | EO46: 0 | EP46: 0.99 | EQ46: 0 | ER46: 2262155 | ES46: 9653.29 | ET46: 3.1269 | EU46: =_xll.IMDP("BND",EL46,EU8,EL3) -> 20300218 | EV46: =_xll.IMDP("BND",EL46,EV8,EL3) -> 4.279 | EW46: =_xll.IMDP("BND",EL46,EW8,EL3) -> 회사채 | EX46: =_xll.IMDP("BND",EL46,EX8,EL3) -> 회사채(일반)
A47: 46316 | B47: KR6051914820 | C47: 051914 | D47: LG화학51-4 | E47: 0 | F47: 0.47 | G47: 0 | H47: 567830 | I47: 9935.05 | J47: 1.2892 | K47: =_xll.IMDP("BND",B47,K8,B3) -> 20280220 | L47: =_xll.IMDP("BND",B47,L8,B3) -> 4.219 | M47: =_xll.IMDP("BND",B47,M8,B3) -> 회사채 | N47: =_xll.IMDP("BND",B47,N8,B3) -> 회사채(일반) | O47: 46316 | P47: KRC0350C2835 | Q47: 0350C2 | R47: 국고채이자03520-28 | S47: 0 | T47: 0.29 | U47: 0 | V47: 387814 | W47: 9501.24 | X47: 1.3352 | Y47: =_xll.IMDP("BND",P47,Y8,P3) -> 20280310 | Z47: =_xll.IMDP("BND",P47,Z8,P3) -> 3.755 | AA47: =_xll.IMDP("BND",P47,AA8,P3) -> 국채 | AB47: =_xll.IMDP("BND",P47,AB8,P3) -> 국고채권 | AM47: =_xll.IMDP("BND",AD47,AM8,AD3) -> 입력오류 | AN47: =_xll.IMDP("BND",AD47,AN8,AD3) -> 입력오류 | AO47: =_xll.IMDP("BND",AD47,AO8,AD3) -> 입력오류 | AP47: =_xll.IMDP("BND",AD47,AP8,AD3) -> 입력오류 | BA47: =_xll.IMDP("BND",AR47,BA8,AR3) -> 입력오류 | BB47: =_xll.IMDP("BND",AR47,BB8,AR3) -> 입력오류 | BC47: =_xll.IMDP("BND",AR47,BC8,AR3) -> 입력오류 | BD47: =_xll.IMDP("BND",AR47,BD8,AR3) -> 입력오류 | BO47: =_xll.IMDP("BND",BF47,BO8,BF3) -> 입력오류 | BP47: =_xll.IMDP("BND",BF47,BP8,BF3) -> 입력오류 | BQ47: =_xll.IMDP("BND",BF47,BQ8,BF3) -> 입력오류 | BR47: =_xll.IMDP("BND",BF47,BR8,BF3) -> 입력오류 | BS47: 46316 | BT47: KR6008274G58 | BU47: 008274 | BV47: 산은캐피탈787-4 | BW47: 0 | BX47: 0.6 | BY47: 0 | BZ47: 860465 | CA47: 10010.11 | CB47: 2.3898 | CC47: =_xll.IMDP("BND",BT47,CC8,BT3) -> 20290511 | CD47: =_xll.IMDP("BND",BT47,CD8,BT3) -> 4.45 | CE47: =_xll.IMDP("BND",BT47,CE8,BT3) -> 금융채 | CF47: =_xll.IMDP("BND",BT47,CF8,BT3) -> 기타금융채 | CG47: 46316 | CH47: KR6046296FA9 | CI47: 046296 | CJ47: 엠지캐피탈389-1 | CK47: 0 | CL47: 0.79 | CM47: 0 | CN47: 1004540 | CO47: 10077.34 | CP47: 0.1083 | CQ47: =_xll.IMDP("BND",CH47,CQ8,CH3) -> 20261130 | CR47: =_xll.IMDP("BND",CH47,CR8,CH3) -> 4.357 | CS47: =_xll.IMDP("BND",CH47,CS8,CH3) -> 금융채 | CT47: =_xll.IMDP("BND",CH47,CT8,CH3) -> 기타금융채 | CU47: 46316 | CV47: KR6139481F28 | CW47: 139481 | CX47: 이마트28-1 | CY47: 0 | CZ47: 1.17 | DA47: 0 | DB47: 1216747 | DC47: 10021.06 | DD47: 0.3443 | DE47: =_xll.IMDP("BND",CV47,DE8,CV3) -> 20270226 | DF47: =_xll.IMDP("BND",CV47,DF8,CV3) -> 3.896 | DG47: =_xll.IMDP("BND",CV47,DG8,CV3) -> 회사채 | DH47: =_xll.IMDP("BND",CV47,DH8,CV3) -> 회사채(일반) | DI47: 46316 | DJ47: KR103503G865 | DK47: 03503G | DL47: 물가연동국고채권01750-2806(18-5) | DM47: 0 | DN47: 0.39 | DO47: 0 | DP47: 623564 | DQ47: 12467.34 | DR47: 1.6089 | DS47: =_xll.IMDP("BND",DJ47,DS8,DJ3) -> 20280610 | DT47: =_xll.IMDP("BND",DJ47,DT8,DJ3) -> 0.459 | DU47: =_xll.IMDP("BND",DJ47,DU8,DJ3) -> 국채 | DV47: =_xll.IMDP("BND",DJ47,DV8,DJ3) -> 국고채권 | EG47: =_xll.IMDP("BND",DX47,EG8,DX3) -> 입력오류 | EH47: =_xll.IMDP("BND",DX47,EH8,DX3) -> 입력오류 | EI47: =_xll.IMDP("BND",DX47,EI8,DX3) -> 입력오류 | EJ47: =_xll.IMDP("BND",DX47,EJ8,DX3) -> 입력오류 | EK47: 46316 | EL47: KR354901GF27 | EM47: 54901G | EN47: 경상북도개발공사2025-1 | EO47: 0 | EP47: 0.99 | EQ47: 0 | ER47: 2259301 | ES47: 9642.7 | ET47: 3.1421 | EU47: =_xll.IMDP("BND",EL47,EU8,EL3) -> 20300225 | EV47: =_xll.IMDP("BND",EL47,EV8,EL3) -> 4.35 | EW47: =_xll.IMDP("BND",EL47,EW8,EL3) -> 공사공단채 | EX47: =_xll.IMDP("BND",EL47,EX8,EL3) -> 지방공기업
A48: 46316 | B48: KRC0350C3130 | C48: 0350C3 | D48: 국고채이자01870-3103 | E48: 0 | F48: 0.47 | G48: 0 | H48: 561755 | I48: 8403.48 | J48: 4.215 | K48: =_xll.IMDP("BND",B48,K8,B3) -> 20310310 | L48: =_xll.IMDP("BND",B48,L8,B3) -> 4.043 | M48: =_xll.IMDP("BND",B48,M8,B3) -> 국채 | N48: =_xll.IMDP("BND",B48,N8,B3) -> 국고채권 | O48: 46316 | P48: - | Q48: - | R48: 원화현금 | T48: 17.1 | V48: -23226319 | Y48: =_xll.IMDP("BND",P48,Y8,P3) | Z48: =_xll.IMDP("BND",P48,Z8,P3) | AA48: =_xll.IMDP("BND",P48,AA8,P3) | AB48: =_xll.IMDP("BND",P48,AB8,P3) | AM48: =_xll.IMDP("BND",AD48,AM8,AD3) -> 입력오류 | AN48: =_xll.IMDP("BND",AD48,AN8,AD3) -> 입력오류 | AO48: =_xll.IMDP("BND",AD48,AO8,AD3) -> 입력오류 | AP48: =_xll.IMDP("BND",AD48,AP8,AD3) -> 입력오류 | BA48: =_xll.IMDP("BND",AR48,BA8,AR3) -> 입력오류 | BB48: =_xll.IMDP("BND",AR48,BB8,AR3) -> 입력오류 | BC48: =_xll.IMDP("BND",AR48,BC8,AR3) -> 입력오류 | BD48: =_xll.IMDP("BND",AR48,BD8,AR3) -> 입력오류 | BO48: =_xll.IMDP("BND",BF48,BO8,BF3) -> 입력오류 | BP48: =_xll.IMDP("BND",BF48,BP8,BF3) -> 입력오류 | BQ48: =_xll.IMDP("BND",BF48,BQ8,BF3) -> 입력오류 | BR48: =_xll.IMDP("BND",BF48,BR8,BF3) -> 입력오류 | BS48: 46316 | BT48: KR603062AE78 | BU48: 03062A | BV48: 롯데카드538-3 | BW48: 0 | BX48: 0.6 | BY48: 0 | BZ48: 860382 | CA48: 10009.21 | CB48: 0.742 | CC48: =_xll.IMDP("BND",BT48,CC8,BT3) -> 20270726 | CD48: =_xll.IMDP("BND",BT48,CD8,BT3) -> 4.59 | CE48: =_xll.IMDP("BND",BT48,CE8,BT3) -> 금융채 | CF48: =_xll.IMDP("BND",BT48,CF8,BT3) -> 카드 | CG48: 46316 | CH48: KR6373222E28 | CI48: 373222 | CJ48: LG에너지솔루션3-2(녹) | CK48: 0 | CL48: 0.79 | CM48: 0 | CN48: 1003954 | CO48: 10071.55 | CP48: 0.3169 | CQ48: =_xll.IMDP("BND",CH48,CQ8,CH3) -> 20270216 | CR48: =_xll.IMDP("BND",CH48,CR8,CH3) -> 3.826 | CS48: =_xll.IMDP("BND",CH48,CS8,CH3) -> 회사채 | CT48: =_xll.IMDP("BND",CH48,CT8,CH3) -> 회사채(일반) | CU48: 46316 | CV48: KR609523DF25 | CW48: 09523D | CX48: 애큐온캐피탈242-8 | CY48: 0 | CZ48: 1.17 | DA48: 0 | DB48: 1216258 | DC48: 10016.92 | DD48: 0.8228 | DE48: =_xll.IMDP("BND",CV48,DE8,CV3) -> 20270827 | DF48: =_xll.IMDP("BND",CV48,DF8,CV3) -> 5.308 | DG48: =_xll.IMDP("BND",CV48,DG8,CV3) -> 금융채 | DH48: =_xll.IMDP("BND",CV48,DH8,CV3) -> 기타금융채 | DI48: 46316 | DJ48: KR350201GB67 | DK48: 50201G | DL48: 서울교통공사2021-2 | DM48: 0 | DN48: 0.36 | DO48: 0 | DP48: 567089 | DQ48: 9139.52 | DR48: 4.3605 | DS48: =_xll.IMDP("BND",DJ48,DS8,DJ3) -> 20310616 | DT48: =_xll.IMDP("BND",DJ48,DT8,DJ3) -> 4.362 | DU48: =_xll.IMDP("BND",DJ48,DU8,DJ3) -> 공사공단채 | DV48: =_xll.IMDP("BND",DJ48,DV8,DJ3) -> 지방공기업 | EG48: =_xll.IMDP("BND",DX48,EG8,DX3) -> 입력오류 | EH48: =_xll.IMDP("BND",DX48,EH8,DX3) -> 입력오류 | EI48: =_xll.IMDP("BND",DX48,EI8,DX3) -> 입력오류 | EJ48: =_xll.IMDP("BND",DX48,EJ8,DX3) -> 입력오류 | EK48: 46316 | EL48: KR6031324F10 | EM48: 031324 | EN48: 비씨카드177-4 | EO48: 0 | EP48: 0.98 | EQ48: 0 | ER48: 2254479 | ES48: 9621.58 | ET48: 3.0346 | EU48: =_xll.IMDP("BND",EL48,EU8,EL3) -> 20300109 | EV48: =_xll.IMDP("BND",EL48,EV8,EL3) -> 4.442 | EW48: =_xll.IMDP("BND",EL48,EW8,EL3) -> 금융채 | EX48: =_xll.IMDP("BND",EL48,EX8,EL3) -> 카드
A49: 46316 | B49: KR103502GF39 | C49: 03502G | D49: 국고02625-5503(25-2) | E49: 0 | F49: 0.46 | G49: 0 | H49: 559336 | I49: 7306.91 | J49: 18.0836 | K49: =_xll.IMDP("BND",B49,K8,B3) -> 20550310 | L49: =_xll.IMDP("BND",B49,L8,B3) -> 4.293 | M49: =_xll.IMDP("BND",B49,M8,B3) -> 국채 | N49: =_xll.IMDP("BND",B49,N8,B3) -> 국고채권 | Y49: =_xll.IMDP("BND",P49,Y8,P3) -> 입력오류 | Z49: =_xll.IMDP("BND",P49,Z8,P3) -> 입력오류 | AA49: =_xll.IMDP("BND",P49,AA8,P3) -> 입력오류 | AB49: =_xll.IMDP("BND",P49,AB8,P3) -> 입력오류 | AM49: =_xll.IMDP("BND",AD49,AM8,AD3) -> 입력오류 | AN49: =_xll.IMDP("BND",AD49,AN8,AD3) -> 입력오류 | AO49: =_xll.IMDP("BND",AD49,AO8,AD3) -> 입력오류 | AP49: =_xll.IMDP("BND",AD49,AP8,AD3) -> 입력오류 | BA49: =_xll.IMDP("BND",AR49,BA8,AR3) -> 입력오류 | BB49: =_xll.IMDP("BND",AR49,BB8,AR3) -> 입력오류 | BC49: =_xll.IMDP("BND",AR49,BC8,AR3) -> 입력오류 | BD49: =_xll.IMDP("BND",AR49,BD8,AR3) -> 입력오류 | BO49: =_xll.IMDP("BND",BF49,BO8,BF3) -> 입력오류 | BP49: =_xll.IMDP("BND",BF49,BP8,BF3) -> 입력오류 | BQ49: =_xll.IMDP("BND",BF49,BQ8,BF3) -> 입력오류 | BR49: =_xll.IMDP("BND",BF49,BR8,BF3) -> 입력오류 | BS49: 46316 | BT49: KR6086792G40 | BU49: 086792 | BV49: 하나금융지주72-2 | BW49: 0 | BX49: 0.6 | BY49: 0 | BZ49: 860219 | CA49: 10006.51 | CB49: 2.3704 | CC49: =_xll.IMDP("BND",BT49,CC8,BT3) -> 20290430 | CD49: =_xll.IMDP("BND",BT49,CD8,BT3) -> 4.258 | CE49: =_xll.IMDP("BND",BT49,CE8,BT3) -> 회사채 | CF49: =_xll.IMDP("BND",BT49,CF8,BT3) -> 회사채(일반) | CG49: 46316 | CH49: KR6136301BB5 | CI49: 136301 | CJ49: 알씨아이파이낸셜99 | CK49: 0 | CL49: 0.79 | CM49: 0 | CN49: 1003344 | CO49: 10065.49 | CP49: 0.0414 | CQ49: =_xll.IMDP("BND",CH49,CQ8,CH3) -> 20261105 | CR49: =_xll.IMDP("BND",CH49,CR8,CH3) -> 3.619 | CS49: =_xll.IMDP("BND",CH49,CS8,CH3) -> 금융채 | CT49: =_xll.IMDP("BND",CH49,CT8,CH3) -> 기타금융채 | CU49: 46316 | CV49: KR6003343F24 | CW49: 003343 | CX49: SK에코플랜트182-3 | CY49: 0 | CZ49: 1.17 | DA49: 0 | DB49: 1215363 | DC49: 10009.93 | DD49: 0.3241 | DE49: =_xll.IMDP("BND",CV49,DE8,CV3) -> 20270218 | DF49: =_xll.IMDP("BND",CV49,DF8,CV3) -> 4.463 | DG49: =_xll.IMDP("BND",CV49,DG8,CV3) -> 회사채 | DH49: =_xll.IMDP("BND",CV49,DH8,CV3) -> 회사채(일반) | DI49: 46316 | DJ49: KR350702GD85 | DK49: 50702G | DL49: 한국도로공사고속도로건설채권855 | DM49: 0 | DN49: 0.35 | DO49: 0 | DP49: 548465 | DQ49: 9993.64 | DR49: 5.8432 | DS49: =_xll.IMDP("BND",DJ49,DS8,DJ3) -> 20330817 | DT49: =_xll.IMDP("BND",DJ49,DT8,DJ3) -> 4.28 | DU49: =_xll.IMDP("BND",DJ49,DU8,DJ3) -> 공사공단채 | DV49: =_xll.IMDP("BND",DJ49,DV8,DJ3) -> 일반 | EG49: =_xll.IMDP("BND",DX49,EG8,DX3) -> 입력오류 | EH49: =_xll.IMDP("BND",DX49,EH8,DX3) -> 입력오류 | EI49: =_xll.IMDP("BND",DX49,EI8,DX3) -> 입력오류 | EJ49: =_xll.IMDP("BND",DX49,EJ8,DX3) -> 입력오류 | EK49: 46316 | EL49: KR6032718F38 | EM49: 032718 | EN49: 신한카드2254-2 | EO49: 0 | EP49: 0.98 | EQ49: 0 | ER49: 2249812 | ES49: 9601.89 | ET49: 3.192 | EU49: =_xll.IMDP("BND",EL49,EU8,EL3) -> 20300315 | EV49: =_xll.IMDP("BND",EL49,EV8,EL3) -> 4.427 | EW49: =_xll.IMDP("BND",EL49,EW8,EL3) -> 금융채 | EX49: =_xll.IMDP("BND",EL49,EX8,EL3) -> 카드
A50: 46316 | B50: KR103502G834 | C50: 03502G | D50: 국고02625-4803(18-2) | E50: 0 | F50: 0.46 | G50: 0 | H50: 548939 | I50: 7692.57 | J50: 15.2744 | K50: =_xll.IMDP("BND",B50,K8,B3) -> 20480310 | L50: =_xll.IMDP("BND",B50,L8,B3) -> 4.308 | M50: =_xll.IMDP("BND",B50,M8,B3) -> 국채 | N50: =_xll.IMDP("BND",B50,N8,B3) -> 국고채권 | Y50: =_xll.IMDP("BND",P50,Y8,P3) -> 입력오류 | Z50: =_xll.IMDP("BND",P50,Z8,P3) -> 입력오류 | AA50: =_xll.IMDP("BND",P50,AA8,P3) -> 입력오류 | AB50: =_xll.IMDP("BND",P50,AB8,P3) -> 입력오류 | AM50: =_xll.IMDP("BND",AD50,AM8,AD3) -> 입력오류 | AN50: =_xll.IMDP("BND",AD50,AN8,AD3) -> 입력오류 | AO50: =_xll.IMDP("BND",AD50,AO8,AD3) -> 입력오류 | AP50: =_xll.IMDP("BND",AD50,AP8,AD3) -> 입력오류 | BA50: =_xll.IMDP("BND",AR50,BA8,AR3) -> 입력오류 | BB50: =_xll.IMDP("BND",AR50,BB8,AR3) -> 입력오류 | BC50: =_xll.IMDP("BND",AR50,BC8,AR3) -> 입력오류 | BD50: =_xll.IMDP("BND",AR50,BD8,AR3) -> 입력오류 | BO50: =_xll.IMDP("BND",BF50,BO8,BF3) -> 입력오류 | BP50: =_xll.IMDP("BND",BF50,BP8,BF3) -> 입력오류 | BQ50: =_xll.IMDP("BND",BF50,BQ8,BF3) -> 입력오류 | BR50: =_xll.IMDP("BND",BF50,BR8,BF3) -> 입력오류 | BS50: 46316 | BT50: KR6204321G49 | BU50: 204321 | BV50: 에이치엘만도17-2 | BW50: 0 | BX50: 0.6 | BY50: 0 | BZ50: 860064 | CA50: 10006.02 | CB50: 2.3567 | CC50: =_xll.IMDP("BND",BT50,CC8,BT3) -> 20290427 | CD50: =_xll.IMDP("BND",BT50,CD8,BT3) -> 4.38 | CE50: =_xll.IMDP("BND",BT50,CE8,BT3) -> 회사채 | CF50: =_xll.IMDP("BND",BT50,CF8,BT3) -> 회사채(일반) | CG50: 46316 | CH50: KR6176941G15 | CI50: 176941 | CJ50: 아이엠캐피탈144-1 | CK50: 0 | CL50: 0.79 | CM50: 0 | CN50: 1002892 | CO50: 10060.83 | CP50: 0.2501 | CQ50: =_xll.IMDP("BND",CH50,CQ8,CH3) -> 20270122 | CR50: =_xll.IMDP("BND",CH50,CR8,CH3) -> 3.648 | CS50: =_xll.IMDP("BND",CH50,CS8,CH3) -> 금융채 | CT50: =_xll.IMDP("BND",CH50,CT8,CH3) -> 기타금융채 | CU50: 46316 | CV50: KR6034231FA0 | CW50: 034231 | CX50: 파라다이스8-1 | CY50: 0 | CZ50: 1.17 | DA50: 0 | DB50: 1209903 | DC50: 9885.69 | DD50: 0.9709 | DE50: =_xll.IMDP("BND",CV50,DE8,CV3) -> 20271021 | DF50: =_xll.IMDP("BND",CV50,DF8,CV3) -> 4.313 | DG50: =_xll.IMDP("BND",CV50,DG8,CV3) -> 회사채 | DH50: =_xll.IMDP("BND",CV50,DH8,CV3) -> 회사채(일반) | DI50: 46316 | DJ50: KR103501GG62 | DK50: 03501G | DL50: 국고채권03500-2906(26-5) | DM50: 0 | DN50: 0.33 | DO50: 0 | DP50: 527229 | DQ50: 10043.24 | DR50: 2.464 | DS50: =_xll.IMDP("BND",DJ50,DS8,DJ3) -> 20290610 | DT50: =_xll.IMDP("BND",DJ50,DT8,DJ3) -> 3.835 | DU50: =_xll.IMDP("BND",DJ50,DU8,DJ3) -> 국채 | DV50: =_xll.IMDP("BND",DJ50,DV8,DJ3) -> 국고채권 | EG50: =_xll.IMDP("BND",DX50,EG8,DX3) -> 입력오류 | EH50: =_xll.IMDP("BND",DX50,EH8,DX3) -> 입력오류 | EI50: =_xll.IMDP("BND",DX50,EI8,DX3) -> 입력오류 | EJ50: =_xll.IMDP("BND",DX50,EJ8,DX3) -> 입력오류 | EK50: 46316 | EL50: KR6215592F30 | EM50: 215592 | EN50: 파주에너지서비스7-2 | EO50: 0 | EP50: 0.98 | EQ50: 0 | ER50: 2247511 | ES50: 9589.31 | ET50: 3.1769 | EU50: =_xll.IMDP("BND",EL50,EU8,EL3) -> 20300314 | EV50: =_xll.IMDP("BND",EL50,EV8,EL3) -> 4.703 | EW50: =_xll.IMDP("BND",EL50,EW8,EL3) -> 회사채 | EX50: =_xll.IMDP("BND",EL50,EX8,EL3) -> 회사채(일반)
A51: 46316 | B51: KR350901G8B6 | C51: 50901G | D51: 한국수자원공사244 | E51: 0 | F51: 0.45 | G51: 0 | H51: 543614 | I51: 8129.26 | J51: 10.1052 | K51: =_xll.IMDP("BND",B51,K8,B3) -> 20381123 | L51: =_xll.IMDP("BND",B51,L8,B3) -> 4.357 | M51: =_xll.IMDP("BND",B51,M8,B3) -> 공사공단채 | N51: =_xll.IMDP("BND",B51,N8,B3) -> 일반 | Y51: =_xll.IMDP("BND",P51,Y8,P3) -> 입력오류 | Z51: =_xll.IMDP("BND",P51,Z8,P3) -> 입력오류 | AA51: =_xll.IMDP("BND",P51,AA8,P3) -> 입력오류 | AB51: =_xll.IMDP("BND",P51,AB8,P3) -> 입력오류 | AM51: =_xll.IMDP("BND",AD51,AM8,AD3) -> 입력오류 | AN51: =_xll.IMDP("BND",AD51,AN8,AD3) -> 입력오류 | AO51: =_xll.IMDP("BND",AD51,AO8,AD3) -> 입력오류 | AP51: =_xll.IMDP("BND",AD51,AP8,AD3) -> 입력오류 | BA51: =_xll.IMDP("BND",AR51,BA8,AR3) -> 입력오류 | BB51: =_xll.IMDP("BND",AR51,BB8,AR3) -> 입력오류 | BC51: =_xll.IMDP("BND",AR51,BC8,AR3) -> 입력오류 | BD51: =_xll.IMDP("BND",AR51,BD8,AR3) -> 입력오류 | BO51: =_xll.IMDP("BND",BF51,BO8,BF3) -> 입력오류 | BP51: =_xll.IMDP("BND",BF51,BP8,BF3) -> 입력오류 | BQ51: =_xll.IMDP("BND",BF51,BQ8,BF3) -> 입력오류 | BR51: =_xll.IMDP("BND",BF51,BR8,BF3) -> 입력오류 | BS51: 46316 | BT51: KR6011911F45 | BU51: 011911 | BV51: 엘엑스판토스3-1 | BW51: 0 | BX51: 0.6 | BY51: 0 | BZ51: 859165 | CA51: 9995.66 | CB51: 0.5144 | CC51: =_xll.IMDP("BND",BT51,CC8,BT3) -> 20270430 | CD51: =_xll.IMDP("BND",BT51,CD8,BT3) -> 4.136 | CE51: =_xll.IMDP("BND",BT51,CE8,BT3) -> 회사채 | CF51: =_xll.IMDP("BND",BT51,CF8,BT3) -> 회사채(일반) | CG51: 46316 | CH51: KR6280361E26 | CI51: 280361 | CJ51: 롯데웰푸드71 | CK51: 0 | CL51: 0.79 | CM51: 0 | CN51: 1002512 | CO51: 10057 | CP51: 0.3454 | CQ51: =_xll.IMDP("BND",CH51,CQ8,CH3) -> 20270226 | CR51: =_xll.IMDP("BND",CH51,CR8,CH3) -> 3.816 | CS51: =_xll.IMDP("BND",CH51,CS8,CH3) -> 회사채 | CT51: =_xll.IMDP("BND",CH51,CT8,CH3) -> 회사채(일반) | CU51: 46316 | CV51: KR6030627E90 | CW51: 030627 | CX51: 롯데카드542-2 | CY51: 0 | CZ51: 1.16 | DA51: 0 | DB51: 1205444 | DC51: 9927.77 | DD51: 0.902 | DE51: =_xll.IMDP("BND",CV51,DE8,CV3) -> 20270923 | DF51: =_xll.IMDP("BND",CV51,DF8,CV3) -> 4.619 | DG51: =_xll.IMDP("BND",CV51,DG8,CV3) -> 금융채 | DH51: =_xll.IMDP("BND",CV51,DH8,CV3) -> 카드 | DI51: 46316 | DJ51: KR103502GBC0 | DK51: 03502G | DL51: 국고채권02375-3112(21-11) | DM51: 0 | DN51: 0.32 | DO51: 0 | DP51: 512413 | DQ51: 9344.93 | DR51: 4.7166 | DS51: =_xll.IMDP("BND",DJ51,DS8,DJ3) -> 20311210 | DT51: =_xll.IMDP("BND",DJ51,DT8,DJ3) -> 3.984 | DU51: =_xll.IMDP("BND",DJ51,DU8,DJ3) -> 국채 | DV51: =_xll.IMDP("BND",DJ51,DV8,DJ3) -> 국고채권 | EG51: =_xll.IMDP("BND",DX51,EG8,DX3) -> 입력오류 | EH51: =_xll.IMDP("BND",DX51,EH8,DX3) -> 입력오류 | EI51: =_xll.IMDP("BND",DX51,EI8,DX3) -> 입력오류 | EJ51: =_xll.IMDP("BND",DX51,EJ8,DX3) -> 입력오류 | EK51: 46316 | EL51: KR6063624F77 | EM51: 063624 | EN51: 한국서부발전71-2 | EO51: 0 | EP51: 0.98 | EQ51: 0 | ER51: 2242022 | ES51: 9568.84 | ET51: 3.5056 | EU51: =_xll.IMDP("BND",EL51,EU8,EL3) -> 20300725 | EV51: =_xll.IMDP("BND",EL51,EV8,EL3) -> 4.378 | EW51: =_xll.IMDP("BND",EL51,EW8,EL3) -> 회사채 | EX51: =_xll.IMDP("BND",EL51,EX8,EL3) -> 회사채(일반)
A52: 46316 | B52: KR350902G687 | C52: 50902G | D52: 한국수자원공사채 | E52: 0 | F52: 0.44 | G52: 0 | H52: 535812 | I52: 8014.37 | J52: 8.0135 | K52: =_xll.IMDP("BND",B52,K8,B3) -> 20350824 | L52: =_xll.IMDP("BND",B52,L8,B3) -> 4.32 | M52: =_xll.IMDP("BND",B52,M8,B3) -> 공사공단채 | N52: =_xll.IMDP("BND",B52,N8,B3) -> 일반 | Y52: =_xll.IMDP("BND",P52,Y8,P3) -> 입력오류 | Z52: =_xll.IMDP("BND",P52,Z8,P3) -> 입력오류 | AA52: =_xll.IMDP("BND",P52,AA8,P3) -> 입력오류 | AB52: =_xll.IMDP("BND",P52,AB8,P3) -> 입력오류 | AM52: =_xll.IMDP("BND",AD52,AM8,AD3) -> 입력오류 | AN52: =_xll.IMDP("BND",AD52,AN8,AD3) -> 입력오류 | AO52: =_xll.IMDP("BND",AD52,AO8,AD3) -> 입력오류 | AP52: =_xll.IMDP("BND",AD52,AP8,AD3) -> 입력오류 | BA52: =_xll.IMDP("BND",AR52,BA8,AR3) -> 입력오류 | BB52: =_xll.IMDP("BND",AR52,BB8,AR3) -> 입력오류 | BC52: =_xll.IMDP("BND",AR52,BC8,AR3) -> 입력오류 | BD52: =_xll.IMDP("BND",AR52,BD8,AR3) -> 입력오류 | BO52: =_xll.IMDP("BND",BF52,BO8,BF3) -> 입력오류 | BP52: =_xll.IMDP("BND",BF52,BP8,BF3) -> 입력오류 | BQ52: =_xll.IMDP("BND",BF52,BQ8,BF3) -> 입력오류 | BR52: =_xll.IMDP("BND",BF52,BR8,BF3) -> 입력오류 | BS52: 46316 | BT52: KR6373223E27 | BU52: 373223 | BV52: LG에너지솔루션3-3(녹) | BW52: 0 | BX52: 0.6 | BY52: 0 | BZ52: 859007 | CA52: 9993.32 | CB52: 2.1885 | CC52: =_xll.IMDP("BND",BT52,CC8,BT3) -> 20290216 | CD52: =_xll.IMDP("BND",BT52,CD8,BT3) -> 4.414 | CE52: =_xll.IMDP("BND",BT52,CE8,BT3) -> 회사채 | CF52: =_xll.IMDP("BND",BT52,CF8,BT3) -> 회사채(일반) | CG52: 46316 | CH52: KR6029695DC4 | CI52: 029695 | CJ52: 롯데캐피탈451-2 | CK52: 0 | CL52: 0.79 | CM52: 0 | CN52: 1002188 | CO52: 10053.71 | CP52: 0.1745 | CQ52: =_xll.IMDP("BND",CH52,CQ8,CH3) -> 20261224 | CR52: =_xll.IMDP("BND",CH52,CR8,CH3) -> 3.912 | CS52: =_xll.IMDP("BND",CH52,CS8,CH3) -> 금융채 | CT52: =_xll.IMDP("BND",CH52,CT8,CH3) -> 기타금융채 | CU52: 46316 | CV52: KR6018602F28 | CW52: 018602 | CX52: 파르나스호텔32-2 | CY52: 0 | CZ52: 1.16 | DA52: 0 | DB52: 1202673 | DC52: 9905.25 | DD52: 1.3033 | DE52: =_xll.IMDP("BND",CV52,DE8,CV3) -> 20280225 | DF52: =_xll.IMDP("BND",CV52,DF8,CV3) -> 4.42 | DG52: =_xll.IMDP("BND",CV52,DG8,CV3) -> 회사채 | DH52: =_xll.IMDP("BND",CV52,DH8,CV3) -> 회사채(일반) | DI52: 46316 | DJ52: KR1035027WC3 | DK52: 035027 | DL52: 국고채권05500-2912(09-5) | DM52: 0 | DN52: 0.32 | DO52: 0 | DP52: 509100 | DQ52: 10667.13 | DR52: 2.8225 | DS52: =_xll.IMDP("BND",DJ52,DS8,DJ3) -> 20291210 | DT52: =_xll.IMDP("BND",DJ52,DT8,DJ3) -> 3.899 | DU52: =_xll.IMDP("BND",DJ52,DU8,DJ3) -> 국채 | DV52: =_xll.IMDP("BND",DJ52,DV8,DJ3) -> 국고채권 | EG52: =_xll.IMDP("BND",DX52,EG8,DX3) -> 입력오류 | EH52: =_xll.IMDP("BND",DX52,EH8,DX3) -> 입력오류 | EI52: =_xll.IMDP("BND",DX52,EI8,DX3) -> 입력오류 | EJ52: =_xll.IMDP("BND",DX52,EJ8,DX3) -> 입력오류 | EK52: 46316 | EL52: KR6029889F45 | EM52: 029889 | EN52: 현대캐피탈2050-3(녹) | EO52: 0 | EP52: 0.98 | EQ52: 0 | ER52: 2240984 | ES52: 9564.19 | ET52: 3.2831 | EU52: =_xll.IMDP("BND",EL52,EU8,EL3) -> 20300423 | EV52: =_xll.IMDP("BND",EL52,EV8,EL3) -> 4.427 | EW52: =_xll.IMDP("BND",EL52,EW8,EL3) -> 금융채 | EX52: =_xll.IMDP("BND",EL52,EX8,EL3) -> 기타금융채
A53: 46316 | B53: KRC0350C2835 | C53: 0350C2 | D53: 국고채이자03520-28 | E53: 0 | F53: 0.44 | G53: 0 | H53: 533504 | I53: 9501.24 | J53: 1.3352 | K53: =_xll.IMDP("BND",B53,K8,B3) -> 20280310 | L53: =_xll.IMDP("BND",B53,L8,B3) -> 3.755 | M53: =_xll.IMDP("BND",B53,M8,B3) -> 국채 | N53: =_xll.IMDP("BND",B53,N8,B3) -> 국고채권 | Y53: =_xll.IMDP("BND",P53,Y8,P3) -> 입력오류 | Z53: =_xll.IMDP("BND",P53,Z8,P3) -> 입력오류 | AA53: =_xll.IMDP("BND",P53,AA8,P3) -> 입력오류 | AB53: =_xll.IMDP("BND",P53,AB8,P3) -> 입력오류 | AM53: =_xll.IMDP("BND",AD53,AM8,AD3) -> 입력오류 | AN53: =_xll.IMDP("BND",AD53,AN8,AD3) -> 입력오류 | AO53: =_xll.IMDP("BND",AD53,AO8,AD3) -> 입력오류 | AP53: =_xll.IMDP("BND",AD53,AP8,AD3) -> 입력오류 | BA53: =_xll.IMDP("BND",AR53,BA8,AR3) -> 입력오류 | BB53: =_xll.IMDP("BND",AR53,BB8,AR3) -> 입력오류 | BC53: =_xll.IMDP("BND",AR53,BC8,AR3) -> 입력오류 | BD53: =_xll.IMDP("BND",AR53,BD8,AR3) -> 입력오류 | BO53: =_xll.IMDP("BND",BF53,BO8,BF3) -> 입력오류 | BP53: =_xll.IMDP("BND",BF53,BP8,BF3) -> 입력오류 | BQ53: =_xll.IMDP("BND",BF53,BQ8,BF3) -> 입력오류 | BR53: =_xll.IMDP("BND",BF53,BR8,BF3) -> 입력오류 | BS53: 46316 | BT53: KR6105562G46 | BU53: 105562 | BV53: KB금융지주60-2 | BW53: 0 | BX53: 0.6 | BY53: 0 | BZ53: 856806 | CA53: 9967.05 | CB53: 2.3571 | CC53: =_xll.IMDP("BND",BT53,CC8,BT3) -> 20290423 | CD53: =_xll.IMDP("BND",BT53,CD8,BT3) -> 4.255 | CE53: =_xll.IMDP("BND",BT53,CE8,BT3) -> 회사채 | CF53: =_xll.IMDP("BND",BT53,CF8,BT3) -> 회사채(일반) | CG53: 46316 | CH53: KR6063262C10 | CI53: 063262 | CJ53: 포스코인터내셔널 30-2 | CK53: 0 | CL53: 0.79 | CM53: 0 | CN53: 1002104 | CO53: 10053.17 | CP53: 0.2636 | CQ53: =_xll.IMDP("BND",CH53,CQ8,CH3) -> 20270127 | CR53: =_xll.IMDP("BND",CH53,CR8,CH3) -> 3.685 | CS53: =_xll.IMDP("BND",CH53,CS8,CH3) -> 회사채 | CT53: =_xll.IMDP("BND",CH53,CT8,CH3) -> 회사채(일반) | CU53: 46316 | CV53: KR6046294F71 | CW53: 046294 | CX53: 엠지캐피탈384-4 | CY53: 0 | CZ53: 1.16 | DA53: 0 | DB53: 1201204 | DC53: 9892.9 | DD53: 1.6731 | DE53: =_xll.IMDP("BND",CV53,DE8,CV3) -> 20280728 | DF53: =_xll.IMDP("BND",CV53,DF8,CV3) -> 5.518 | DG53: =_xll.IMDP("BND",CV53,DG8,CV3) -> 금융채 | DH53: =_xll.IMDP("BND",CV53,DH8,CV3) -> 기타금융채 | DI53: 46316 | DJ53: KR103502GF62 | DK53: 03502G | DL53: 국고채권02625-3506(25-5) | DM53: 0 | DN53: 0.31 | DO53: 0 | DP53: 488763 | DQ53: 8983.82 | DR53: 7.4838 | DS53: =_xll.IMDP("BND",DJ53,DS8,DJ3) -> 20350610 | DT53: =_xll.IMDP("BND",DJ53,DT8,DJ3) -> 4.17 | DU53: =_xll.IMDP("BND",DJ53,DU8,DJ3) -> 국채 | DV53: =_xll.IMDP("BND",DJ53,DV8,DJ3) -> 국고채권 | EG53: =_xll.IMDP("BND",DX53,EG8,DX3) -> 입력오류 | EH53: =_xll.IMDP("BND",DX53,EH8,DX3) -> 입력오류 | EI53: =_xll.IMDP("BND",DX53,EI8,DX3) -> 입력오류 | EJ53: =_xll.IMDP("BND",DX53,EJ8,DX3) -> 입력오류 | EK53: 46316 | EL53: KR6065909FA3 | EM53: 065909 | EN53: 현대카드944-2 | EO53: 0 | EP53: 0.98 | EQ53: 0 | ER53: 2240820 | ES53: 9562.78 | ET53: 3.7275 | EU53: =_xll.IMDP("BND",EL53,EU8,EL3) -> 20301030 | EV53: =_xll.IMDP("BND",EL53,EV8,EL3) -> 4.44 | EW53: =_xll.IMDP("BND",EL53,EW8,EL3) -> 금융채 | EX53: =_xll.IMDP("BND",EL53,EX8,EL3) -> 카드
A54: 46316 | B54: KR350706GFA2 | C54: 50706G | D54: 도로공사976 | E54: 0 | F54: 0.42 | G54: 0 | H54: 505529 | I54: 7564.18 | J54: 17.703 | K54: =_xll.IMDP("BND",B54,K8,B3) -> 20551015 | L54: =_xll.IMDP("BND",B54,L8,B3) -> 4.454 | M54: =_xll.IMDP("BND",B54,M8,B3) -> 공사공단채 | N54: =_xll.IMDP("BND",B54,N8,B3) -> 일반 | Y54: =_xll.IMDP("BND",P54,Y8,P3) -> 입력오류 | Z54: =_xll.IMDP("BND",P54,Z8,P3) -> 입력오류 | AA54: =_xll.IMDP("BND",P54,AA8,P3) -> 입력오류 | AB54: =_xll.IMDP("BND",P54,AB8,P3) -> 입력오류 | AM54: =_xll.IMDP("BND",AD54,AM8,AD3) -> 입력오류 | AN54: =_xll.IMDP("BND",AD54,AN8,AD3) -> 입력오류 | AO54: =_xll.IMDP("BND",AD54,AO8,AD3) -> 입력오류 | AP54: =_xll.IMDP("BND",AD54,AP8,AD3) -> 입력오류 | BA54: =_xll.IMDP("BND",AR54,BA8,AR3) -> 입력오류 | BB54: =_xll.IMDP("BND",AR54,BB8,AR3) -> 입력오류 | BC54: =_xll.IMDP("BND",AR54,BC8,AR3) -> 입력오류 | BD54: =_xll.IMDP("BND",AR54,BD8,AR3) -> 입력오류 | BO54: =_xll.IMDP("BND",BF54,BO8,BF3) -> 입력오류 | BP54: =_xll.IMDP("BND",BF54,BP8,BF3) -> 입력오류 | BQ54: =_xll.IMDP("BND",BF54,BQ8,BF3) -> 입력오류 | BR54: =_xll.IMDP("BND",BF54,BR8,BF3) -> 입력오류 | BS54: 46316 | BT54: KR6008565EB4 | BU54: 008565 | BV54: 메리츠증권2411-4 | BW54: 0 | BX54: 0.6 | BY54: 0 | BZ54: 856692 | CA54: 9966.44 | CB54: 1.0676 | CC54: =_xll.IMDP("BND",BT54,CC8,BT3) -> 20271126 | CD54: =_xll.IMDP("BND",BT54,CD8,BT3) -> 4.267 | CE54: =_xll.IMDP("BND",BT54,CE8,BT3) -> 회사채 | CF54: =_xll.IMDP("BND",BT54,CF8,BT3) -> 회사채(일반) | CG54: 46316 | CH54: KR6169372F76 | CI54: 169372 | CJ54: 메리츠캐피탈281-2 | CK54: 0 | CL54: 0.79 | CM54: 0 | CN54: 1001995 | CO54: 10051.88 | CP54: 0.27 | CQ54: =_xll.IMDP("BND",CH54,CQ8,CH3) -> 20270129 | CR54: =_xll.IMDP("BND",CH54,CR8,CH3) -> 4.03 | CS54: =_xll.IMDP("BND",CH54,CS8,CH3) -> 금융채 | CT54: =_xll.IMDP("BND",CH54,CT8,CH3) -> 기타금융채 | CU54: 46316 | CV54: KR6089862F16 | CW54: 089862 | CX54: 롯데렌탈61-2 | CY54: 0 | CZ54: 1.16 | DA54: 0 | DB54: 1199105 | DC54: 10077.06 | DD54: 0.2511 | DE54: =_xll.IMDP("BND",CV54,DE8,CV3) -> 20270122 | DF54: =_xll.IMDP("BND",CV54,DF8,CV3) -> 3.837 | DG54: =_xll.IMDP("BND",CV54,DG8,CV3) -> 회사채 | DH54: =_xll.IMDP("BND",CV54,DH8,CV3) -> 회사채(일반) | DI54: 46316 | DJ54: KR356111GG76 | DK54: 56111G | DL54: 토지주택채권620 | DM54: 0 | DN54: 0.31 | DO54: 0 | DP54: 486970 | DQ54: 10203.51 | DR54: 4.2307 | DS54: =_xll.IMDP("BND",DJ54,DS8,DJ3) -> 20310727 | DT54: =_xll.IMDP("BND",DJ54,DT8,DJ3) -> 4.27 | DU54: =_xll.IMDP("BND",DJ54,DU8,DJ3) -> 공사공단채 | DV54: =_xll.IMDP("BND",DJ54,DV8,DJ3) -> 일반 | EG54: =_xll.IMDP("BND",DX54,EG8,DX3) -> 입력오류 | EH54: =_xll.IMDP("BND",DX54,EH8,DX3) -> 입력오류 | EI54: =_xll.IMDP("BND",DX54,EI8,DX3) -> 입력오류 | EJ54: =_xll.IMDP("BND",DX54,EJ8,DX3) -> 입력오류 | EK54: 46316 | EL54: KR602988EFA7 | EM54: 02988E | EN54: 현대캐피탈2079-5 | EO54: 0 | EP54: 0.98 | EQ54: 0 | ER54: 2240510 | ES54: 9561.97 | ET54: 3.7284 | EU54: =_xll.IMDP("BND",EL54,EU8,EL3) -> 20301030 | EV54: =_xll.IMDP("BND",EL54,EV8,EL3) -> 4.431 | EW54: =_xll.IMDP("BND",EL54,EW8,EL3) -> 금융채 | EX54: =_xll.IMDP("BND",EL54,EX8,EL3) -> 기타금융채
A55: 46316 | B55: KR103502GC32 | C55: 03502G | D55: 국고02500-5203(22-2) | E55: 0 | F55: 0.41 | G55: 0 | H55: 488601 | I55: 7236.69 | J55: 17.144 | K55: =_xll.IMDP("BND",B55,K8,B3) -> 20520310 | L55: =_xll.IMDP("BND",B55,L8,B3) -> 4.321 | M55: =_xll.IMDP("BND",B55,M8,B3) -> 국채 | N55: =_xll.IMDP("BND",B55,N8,B3) -> 국고채권 | Y55: =_xll.IMDP("BND",P55,Y8,P3) -> 입력오류 | Z55: =_xll.IMDP("BND",P55,Z8,P3) -> 입력오류 | AA55: =_xll.IMDP("BND",P55,AA8,P3) -> 입력오류 | AB55: =_xll.IMDP("BND",P55,AB8,P3) -> 입력오류 | AM55: =_xll.IMDP("BND",AD55,AM8,AD3) -> 입력오류 | AN55: =_xll.IMDP("BND",AD55,AN8,AD3) -> 입력오류 | AO55: =_xll.IMDP("BND",AD55,AO8,AD3) -> 입력오류 | AP55: =_xll.IMDP("BND",AD55,AP8,AD3) -> 입력오류 | BA55: =_xll.IMDP("BND",AR55,BA8,AR3) -> 입력오류 | BB55: =_xll.IMDP("BND",AR55,BB8,AR3) -> 입력오류 | BC55: =_xll.IMDP("BND",AR55,BC8,AR3) -> 입력오류 | BD55: =_xll.IMDP("BND",AR55,BD8,AR3) -> 입력오류 | BO55: =_xll.IMDP("BND",BF55,BO8,BF3) -> 입력오류 | BP55: =_xll.IMDP("BND",BF55,BP8,BF3) -> 입력오류 | BQ55: =_xll.IMDP("BND",BF55,BQ8,BF3) -> 입력오류 | BR55: =_xll.IMDP("BND",BF55,BR8,BF3) -> 입력오류 | BS55: 46316 | BT55: KRZE01101G92 | BU55: E01101 | BV55: 농협은행(CD) | BW55: 0 | BX55: 0.6 | BY55: 0 | BZ55: 856443 | CC55: =_xll.IMDP("BND",BT55,CC8,BT3) | CD55: =_xll.IMDP("BND",BT55,CD8,BT3) | CE55: =_xll.IMDP("BND",BT55,CE8,BT3) | CF55: =_xll.IMDP("BND",BT55,CF8,BT3) | CG55: 46316 | CH55: KR6065901FB8 | CI55: 065901 | CJ55: 현대카드945-1 | CK55: 0 | CL55: 0.79 | CM55: 0 | CN55: 1001983 | CO55: 10051.85 | CP55: 0.063 | CQ55: =_xll.IMDP("BND",CH55,CQ8,CH3) -> 20261113 | CR55: =_xll.IMDP("BND",CH55,CR8,CH3) -> 3.449 | CS55: =_xll.IMDP("BND",CH55,CS8,CH3) -> 금융채 | CT55: =_xll.IMDP("BND",CH55,CT8,CH3) -> 카드 | CU55: 46316 | CV55: KR6031321FA2 | CW55: 031321 | CX55: 비씨카드184-1 | CY55: 0 | CZ55: 0.57 | DA55: 0 | DB55: 592889 | DC55: 9695.74 | DD55: 1.9165 | DE55: =_xll.IMDP("BND",CV55,DE8,CV3) -> 20281020 | DF55: =_xll.IMDP("BND",CV55,DF8,CV3) -> 4.398 | DG55: =_xll.IMDP("BND",CV55,DG8,CV3) -> 금융채 | DH55: =_xll.IMDP("BND",CV55,DH8,CV3) -> 카드 | DI55: 46316 | DJ55: KR350103GG61 | DK55: 50103G | DL55: 한국전력공사채권1587 | DM55: 0 | DN55: 0.31 | DO55: 0 | DP55: 485167 | DQ55: 10165.54 | DR55: 1.5404 | DS55: =_xll.IMDP("BND",DJ55,DS8,DJ3) -> 20280608 | DT55: =_xll.IMDP("BND",DJ55,DT8,DJ3) -> 4.102 | DU55: =_xll.IMDP("BND",DJ55,DU8,DJ3) -> 공사공단채 | DV55: =_xll.IMDP("BND",DJ55,DV8,DJ3) -> 일반 | EG55: =_xll.IMDP("BND",DX55,EG8,DX3) -> 입력오류 | EH55: =_xll.IMDP("BND",DX55,EH8,DX3) -> 입력오류 | EI55: =_xll.IMDP("BND",DX55,EI8,DX3) -> 입력오류 | EJ55: =_xll.IMDP("BND",DX55,EJ8,DX3) -> 입력오류 | EK55: 46316 | EL55: KR358301GFA4 | EM55: 58301G | EN55: 세종도시교통공사1 | EO55: 0 | EP55: 0.98 | EQ55: 0 | ER55: 2240494 | ES55: 9561.03 | ET55: 3.7255 | EU55: =_xll.IMDP("BND",EL55,EU8,EL3) -> 20301027 | EV55: =_xll.IMDP("BND",EL55,EV8,EL3) -> 4.378 | EW55: =_xll.IMDP("BND",EL55,EW8,EL3) -> 공사공단채 | EX55: =_xll.IMDP("BND",EL55,EX8,EL3) -> 지방공기업
A56: 46316 | B56: KR6421093D14 | C56: 421093 | D56: POSCO313-3 | E56: 0 | F56: 0.4 | G56: 0 | H56: 485034 | I56: 10008.18 | J56: 1.1895 | K56: =_xll.IMDP("BND",B56,K8,B3) -> 20280112 | L56: =_xll.IMDP("BND",B56,L8,B3) -> 4.128 | M56: =_xll.IMDP("BND",B56,M8,B3) -> 회사채 | N56: =_xll.IMDP("BND",B56,N8,B3) -> 회사채(일반) | Y56: =_xll.IMDP("BND",P56,Y8,P3) -> 입력오류 | Z56: =_xll.IMDP("BND",P56,Z8,P3) -> 입력오류 | AA56: =_xll.IMDP("BND",P56,AA8,P3) -> 입력오류 | AB56: =_xll.IMDP("BND",P56,AB8,P3) -> 입력오류 | AM56: =_xll.IMDP("BND",AD56,AM8,AD3) -> 입력오류 | AN56: =_xll.IMDP("BND",AD56,AN8,AD3) -> 입력오류 | AO56: =_xll.IMDP("BND",AD56,AO8,AD3) -> 입력오류 | AP56: =_xll.IMDP("BND",AD56,AP8,AD3) -> 입력오류 | BA56: =_xll.IMDP("BND",AR56,BA8,AR3) -> 입력오류 | BB56: =_xll.IMDP("BND",AR56,BB8,AR3) -> 입력오류 | BC56: =_xll.IMDP("BND",AR56,BC8,AR3) -> 입력오류 | BD56: =_xll.IMDP("BND",AR56,BD8,AR3) -> 입력오류 | BO56: =_xll.IMDP("BND",BF56,BO8,BF3) -> 입력오류 | BP56: =_xll.IMDP("BND",BF56,BP8,BF3) -> 입력오류 | BQ56: =_xll.IMDP("BND",BF56,BQ8,BF3) -> 입력오류 | BR56: =_xll.IMDP("BND",BF56,BR8,BF3) -> 입력오류 | BS56: 46316 | BT56: KR310211GG31 | BU56: 10211G | BV56: 산금26신이0300-0326-1 | BW56: 0 | BX56: 0.6 | BY56: 0 | BZ56: 855242 | CA56: 9949.54 | CB56: 2.3055 | CC56: =_xll.IMDP("BND",BT56,CC8,BT3) -> 20290326 | CD56: =_xll.IMDP("BND",BT56,CD8,BT3) -> 4.09 | CE56: =_xll.IMDP("BND",BT56,CE8,BT3) -> 금융채 | CF56: =_xll.IMDP("BND",BT56,CF8,BT3) -> 은행채 | CG56: 46316 | CH56: KR6006802C16 | CI56: 006802 | CJ56: 미래에셋증권57-2 | CK56: 0 | CL56: 0.79 | CM56: 0 | CN56: 1001783 | CO56: 10049.95 | CP56: 0.2583 | CQ56: =_xll.IMDP("BND",CH56,CQ8,CH3) -> 20270125 | CR56: =_xll.IMDP("BND",CH56,CR8,CH3) -> 3.695 | CS56: =_xll.IMDP("BND",CH56,CS8,CH3) -> 회사채 | CT56: =_xll.IMDP("BND",CH56,CT8,CH3) -> 회사채(일반) | CU56: 46316 | CV56: KR6011762E38 | CW56: 011762 | CX56: 현대코퍼레이션42-2 | CY56: 0 | CZ56: 0.47 | DA56: 0 | DB56: 489446 | DC56: 10077.17 | DD56: 0.3667 | DE56: =_xll.IMDP("BND",CV56,DE8,CV3) -> 20270305 | DF56: =_xll.IMDP("BND",CV56,DF8,CV3) -> 4.092 | DG56: =_xll.IMDP("BND",CV56,DG8,CV3) -> 회사채 | DH56: =_xll.IMDP("BND",CV56,DH8,CV3) -> 회사채(일반) | DI56: 46316 | DJ56: KR355901GG64 | DK56: 55901G | DL56: 인천항만공사28 | DM56: 0 | DN56: 0.31 | DO56: 0 | DP56: 484225 | DQ56: 10146.12 | DR56: 1.5265 | DS56: =_xll.IMDP("BND",DJ56,DS8,DJ3) -> 20280602 | DT56: =_xll.IMDP("BND",DJ56,DT8,DJ3) -> 4.083 | DU56: =_xll.IMDP("BND",DJ56,DU8,DJ3) -> 공사공단채 | DV56: =_xll.IMDP("BND",DJ56,DV8,DJ3) -> 일반 | EG56: =_xll.IMDP("BND",DX56,EG8,DX3) -> 입력오류 | EH56: =_xll.IMDP("BND",DX56,EH8,DX3) -> 입력오류 | EI56: =_xll.IMDP("BND",DX56,EI8,DX3) -> 입력오류 | EJ56: =_xll.IMDP("BND",DX56,EJ8,DX3) -> 입력오류 | EK56: 46316 | EL56: KR6023787F58 | EM56: 023787 | EN56: 신한캐피탈513-7 | EO56: 0 | EP56: 0.98 | EQ56: 0 | ER56: 2239807 | ES56: 9559.5 | ET56: 3.3144 | EU56: =_xll.IMDP("BND",EL56,EU8,EL3) -> 20300508 | EV56: =_xll.IMDP("BND",EL56,EV8,EL3) -> 4.509 | EW56: =_xll.IMDP("BND",EL56,EW8,EL3) -> 금융채 | EX56: =_xll.IMDP("BND",EL56,EX8,EL3) -> 기타금융채
A57: 46316 | B57: KR6018672F15 | C57: 018672 | D57: SK가스42-2 | E57: 0 | F57: 0.39 | G57: 0 | H57: 469273 | I57: 9683.35 | J57: 3.0518 | K57: =_xll.IMDP("BND",B57,K8,B3) -> 20300123 | L57: =_xll.IMDP("BND",B57,L8,B3) -> 4.367 | M57: =_xll.IMDP("BND",B57,M8,B3) -> 회사채 | N57: =_xll.IMDP("BND",B57,N8,B3) -> 회사채(일반) | Y57: =_xll.IMDP("BND",P57,Y8,P3) -> 입력오류 | Z57: =_xll.IMDP("BND",P57,Z8,P3) -> 입력오류 | AA57: =_xll.IMDP("BND",P57,AA8,P3) -> 입력오류 | AB57: =_xll.IMDP("BND",P57,AB8,P3) -> 입력오류 | AM57: =_xll.IMDP("BND",AD57,AM8,AD3) -> 입력오류 | AN57: =_xll.IMDP("BND",AD57,AN8,AD3) -> 입력오류 | AO57: =_xll.IMDP("BND",AD57,AO8,AD3) -> 입력오류 | AP57: =_xll.IMDP("BND",AD57,AP8,AD3) -> 입력오류 | BA57: =_xll.IMDP("BND",AR57,BA8,AR3) -> 입력오류 | BB57: =_xll.IMDP("BND",AR57,BB8,AR3) -> 입력오류 | BC57: =_xll.IMDP("BND",AR57,BC8,AR3) -> 입력오류 | BD57: =_xll.IMDP("BND",AR57,BD8,AR3) -> 입력오류 | BO57: =_xll.IMDP("BND",BF57,BO8,BF3) -> 입력오류 | BP57: =_xll.IMDP("BND",BF57,BP8,BF3) -> 입력오류 | BQ57: =_xll.IMDP("BND",BF57,BQ8,BF3) -> 입력오류 | BR57: =_xll.IMDP("BND",BF57,BR8,BF3) -> 입력오류 | BS57: 46316 | BT57: KR6047052E98 | BU57: 047052 | BV57: 포스코인터33-2 | BW57: 0 | BX57: 0.6 | BY57: 0 | BZ57: 855212 | CA57: 9949.3 | CB57: 0.8685 | CC57: =_xll.IMDP("BND",BT57,CC8,BT3) -> 20270910 | CD57: =_xll.IMDP("BND",BT57,CD8,BT3) -> 4.232 | CE57: =_xll.IMDP("BND",BT57,CE8,BT3) -> 회사채 | CF57: =_xll.IMDP("BND",BT57,CF8,BT3) -> 회사채(일반) | CG57: 46316 | CH57: KR6008564EB7 | CI57: 008564 | CJ57: 메리츠증권2411-3 | CK57: 0 | CL57: 0.79 | CM57: 0 | CN57: 1001775 | CO57: 10049.8 | CP57: 0.1014 | CQ57: =_xll.IMDP("BND",CH57,CQ8,CH3) -> 20261127 | CR57: =_xll.IMDP("BND",CH57,CR8,CH3) -> 3.562 | CS57: =_xll.IMDP("BND",CH57,CS8,CH3) -> 회사채 | CT57: =_xll.IMDP("BND",CH57,CT8,CH3) -> 회사채(일반) | CU57: 46316 | CV57: KR6003492E24 | CW57: 003492 | CX57: 대한항공106-2 | CY57: 0 | CZ57: 0.24 | DA57: 0 | DB57: 244895 | DC57: 10084.46 | DD57: 0.3449 | DE57: =_xll.IMDP("BND",CV57,DE8,CV3) -> 20270226 | DF57: =_xll.IMDP("BND",CV57,DF8,CV3) -> 3.958 | DG57: =_xll.IMDP("BND",CV57,DG8,CV3) -> 회사채 | DH57: =_xll.IMDP("BND",CV57,DH8,CV3) -> 회사채(일반) | DI57: 46316 | DJ57: KR350802GG99 | DK57: 50802G | DL57: 한국가스공사574 | DM57: 0 | DN57: 0.31 | DO57: 0 | DP57: 483888 | DQ57: 10139.44 | DR57: 4.3486 | DS57: =_xll.IMDP("BND",DJ57,DS8,DJ3) -> 20310910 | DT57: =_xll.IMDP("BND",DJ57,DT8,DJ3) -> 4.313 | DU57: =_xll.IMDP("BND",DJ57,DU8,DJ3) -> 공사공단채 | DV57: =_xll.IMDP("BND",DJ57,DV8,DJ3) -> 일반 | EG57: =_xll.IMDP("BND",DX57,EG8,DX3) -> 입력오류 | EH57: =_xll.IMDP("BND",DX57,EH8,DX3) -> 입력오류 | EI57: =_xll.IMDP("BND",DX57,EI8,DX3) -> 입력오류 | EJ57: =_xll.IMDP("BND",DX57,EJ8,DX3) -> 입력오류 | EK57: 46316 | EL57: KR63161419C1 | EM57: 316141 | EN57: 우리금융조건부(상)5(후) | EO57: 0 | EP57: 0.97 | EQ57: 0 | ER57: 2221609 | ES57: 9480.95 | ET57: 2.9758 | EU57: =_xll.IMDP("BND",EL57,EU8,EL3) -> 20291204 | EV57: =_xll.IMDP("BND",EL57,EV8,EL3) -> 4.453 | EW57: =_xll.IMDP("BND",EL57,EW8,EL3) -> 회사채 | EX57: =_xll.IMDP("BND",EL57,EX8,EL3) -> 회사채(일반)
A58: 46316 | B58: KR6140179BB9 | C58: 140179 | D58: 케이비국민카드342-4 | E58: 0 | F58: 0.38 | G58: 0 | H58: 453775 | I58: 9697.7 | J58: 2.0124 | K58: =_xll.IMDP("BND",B58,K8,B3) -> 20281124 | L58: =_xll.IMDP("BND",B58,L8,B3) -> 4.389 | M58: =_xll.IMDP("BND",B58,M8,B3) -> 금융채 | N58: =_xll.IMDP("BND",B58,N8,B3) -> 카드 | Y58: =_xll.IMDP("BND",P58,Y8,P3) -> 입력오류 | Z58: =_xll.IMDP("BND",P58,Z8,P3) -> 입력오류 | AA58: =_xll.IMDP("BND",P58,AA8,P3) -> 입력오류 | AB58: =_xll.IMDP("BND",P58,AB8,P3) -> 입력오류 | AM58: =_xll.IMDP("BND",AD58,AM8,AD3) -> 입력오류 | AN58: =_xll.IMDP("BND",AD58,AN8,AD3) -> 입력오류 | AO58: =_xll.IMDP("BND",AD58,AO8,AD3) -> 입력오류 | AP58: =_xll.IMDP("BND",AD58,AP8,AD3) -> 입력오류 | BA58: =_xll.IMDP("BND",AR58,BA8,AR3) -> 입력오류 | BB58: =_xll.IMDP("BND",AR58,BB8,AR3) -> 입력오류 | BC58: =_xll.IMDP("BND",AR58,BC8,AR3) -> 입력오류 | BD58: =_xll.IMDP("BND",AR58,BD8,AR3) -> 입력오류 | BO58: =_xll.IMDP("BND",BF58,BO8,BF3) -> 입력오류 | BP58: =_xll.IMDP("BND",BF58,BP8,BF3) -> 입력오류 | BQ58: =_xll.IMDP("BND",BF58,BQ8,BF3) -> 입력오류 | BR58: =_xll.IMDP("BND",BF58,BR8,BF3) -> 입력오류 | BS58: 46316 | BT58: KRZF07955TG8 | BU58: F07955 | BV58: 엘아이지디펜스앤에어로스페이스(CP) | BW58: 0 | BX58: 0.6 | BY58: 0 | BZ58: 854758 | CC58: =_xll.IMDP("BND",BT58,CC8,BT3) | CD58: =_xll.IMDP("BND",BT58,CD8,BT3) | CE58: =_xll.IMDP("BND",BT58,CE8,BT3) | CF58: =_xll.IMDP("BND",BT58,CF8,BT3) | CG58: 46316 | CH58: KR6097242FB9 | CI58: 097242 | CJ58: 엔에이치농협캐피탈254-2 | CK58: 0 | CL58: 0.79 | CM58: 0 | CN58: 1001602 | CO58: 10047.9 | CP58: 0.1384 | CQ58: =_xll.IMDP("BND",CH58,CQ8,CH3) -> 20261211 | CR58: =_xll.IMDP("BND",CH58,CR8,CH3) -> 3.522 | CS58: =_xll.IMDP("BND",CH58,CS8,CH3) -> 금융채 | CT58: =_xll.IMDP("BND",CH58,CT8,CH3) -> 기타금융채 | CU58: 46316 | CV58: KR6042672E32 | CW58: 042672 | CX58: HD현대인프라코어81-2 | CY58: 0 | CZ58: 0.24 | DA58: 0 | DB58: 244419 | DC58: 10064.71 | DD58: 0.375 | DE58: =_xll.IMDP("BND",CV58,DE8,CV3) -> 20270308 | DF58: =_xll.IMDP("BND",CV58,DF8,CV3) -> 4.053 | DG58: =_xll.IMDP("BND",CV58,DG8,CV3) -> 회사채 | DH58: =_xll.IMDP("BND",CV58,DH8,CV3) -> 회사채(일반) | DI58: 46316 | DJ58: KR6095925C86 | DK58: 095925 | DL58: 현대커머셜449-2 | DM58: 0 | DN58: 0.31 | DO58: 0 | DP58: 483354 | DQ58: 10127.44 | DR58: 0.8071 | DS58: =_xll.IMDP("BND",DJ58,DS8,DJ3) -> 20270820 | DT58: =_xll.IMDP("BND",DJ58,DT8,DJ3) -> 4.259 | DU58: =_xll.IMDP("BND",DJ58,DU8,DJ3) -> 금융채 | DV58: =_xll.IMDP("BND",DJ58,DV8,DJ3) -> 기타금융채 | EG58: =_xll.IMDP("BND",DX58,EG8,DX3) -> 입력오류 | EH58: =_xll.IMDP("BND",DX58,EH8,DX3) -> 입력오류 | EI58: =_xll.IMDP("BND",DX58,EI8,DX3) -> 입력오류 | EJ58: =_xll.IMDP("BND",DX58,EJ8,DX3) -> 입력오류 | EK58: 46316 | EL58: KR310501GC34 | EM58: 10501G | EN58: 중소기업은행 조건부자본증권(상)2203이(후 | EO58: 0 | EP58: 0.97 | EQ58: 0 | ER58: 2214013 | ES58: 9443.4 | ET58: 4.9089 | EU58: =_xll.IMDP("BND",EL58,EU8,EL3) -> 20320323 | EV58: =_xll.IMDP("BND",EL58,EV8,EL3) -> 4.631 | EW58: =_xll.IMDP("BND",EL58,EW8,EL3) -> 금융채 | EX58: =_xll.IMDP("BND",EL58,EX8,EL3) -> 은행채
A59: 46316 | B59: KR103502G768 | C59: 03502G | D59: 국고02125-2706(국고17-3) | E59: 0 | F59: 0.38 | G59: 0 | H59: 452974 | I59: 9987.59 | J59: 0.6208 | K59: =_xll.IMDP("BND",B59,K8,B3) -> 20270610 | L59: =_xll.IMDP("BND",B59,L8,B3) -> 3.553 | M59: =_xll.IMDP("BND",B59,M8,B3) -> 국채 | N59: =_xll.IMDP("BND",B59,N8,B3) -> 국고채권 | Y59: =_xll.IMDP("BND",P59,Y8,P3) -> 입력오류 | Z59: =_xll.IMDP("BND",P59,Z8,P3) -> 입력오류 | AA59: =_xll.IMDP("BND",P59,AA8,P3) -> 입력오류 | AB59: =_xll.IMDP("BND",P59,AB8,P3) -> 입력오류 | AM59: =_xll.IMDP("BND",AD59,AM8,AD3) -> 입력오류 | AN59: =_xll.IMDP("BND",AD59,AN8,AD3) -> 입력오류 | AO59: =_xll.IMDP("BND",AD59,AO8,AD3) -> 입력오류 | AP59: =_xll.IMDP("BND",AD59,AP8,AD3) -> 입력오류 | BA59: =_xll.IMDP("BND",AR59,BA8,AR3) -> 입력오류 | BB59: =_xll.IMDP("BND",AR59,BB8,AR3) -> 입력오류 | BC59: =_xll.IMDP("BND",AR59,BC8,AR3) -> 입력오류 | BD59: =_xll.IMDP("BND",AR59,BD8,AR3) -> 입력오류 | BO59: =_xll.IMDP("BND",BF59,BO8,BF3) -> 입력오류 | BP59: =_xll.IMDP("BND",BF59,BP8,BF3) -> 입력오류 | BQ59: =_xll.IMDP("BND",BF59,BQ8,BF3) -> 입력오류 | BR59: =_xll.IMDP("BND",BF59,BR8,BF3) -> 입력오류 | BS59: 46316 | BT59: KRZF07955SG8 | BU59: F07955 | BV59: 엘아이지디펜스앤에어로스페이스(CP) | BW59: 0 | BX59: 0.6 | BY59: 0 | BZ59: 854758 | CC59: =_xll.IMDP("BND",BT59,CC8,BT3) | CD59: =_xll.IMDP("BND",BT59,CD8,BT3) | CE59: =_xll.IMDP("BND",BT59,CE8,BT3) | CF59: =_xll.IMDP("BND",BT59,CF8,BT3) | CG59: 46316 | CH59: KR6145767EB0 | CI59: 145767 | CJ59: BNK캐피탈367-1 | CK59: 0 | CL59: 0.79 | CM59: 0 | CN59: 1001197 | CO59: 10043.93 | CP59: 0.265 | CQ59: =_xll.IMDP("BND",CH59,CQ8,CH3) -> 20270127 | CR59: =_xll.IMDP("BND",CH59,CR8,CH3) -> 3.653 | CS59: =_xll.IMDP("BND",CH59,CS8,CH3) -> 금융채 | CT59: =_xll.IMDP("BND",CH59,CT8,CH3) -> 기타금융채 | CU59: 46316 | CV59: - | CW59: - | CX59: 원화현금 | CZ59: 1.62 | DB59: 1686203 | DE59: =_xll.IMDP("BND",CV59,DE8,CV3) | DF59: =_xll.IMDP("BND",CV59,DF8,CV3) | DG59: =_xll.IMDP("BND",CV59,DG8,CV3) | DH59: =_xll.IMDP("BND",CV59,DH8,CV3) | DI59: 46316 | DJ59: KR350111GG53 | DK59: 50111G | DL59: 한국전력공사채권1584 | DM59: 0 | DN59: 0.31 | DO59: 0 | DP59: 483203 | DQ59: 10125.32 | DR59: 4.0684 | DS59: =_xll.IMDP("BND",DJ59,DS8,DJ3) -> 20310526 | DT59: =_xll.IMDP("BND",DJ59,DT8,DJ3) -> 4.332 | DU59: =_xll.IMDP("BND",DJ59,DU8,DJ3) -> 공사공단채 | DV59: =_xll.IMDP("BND",DJ59,DV8,DJ3) -> 일반 | EG59: =_xll.IMDP("BND",DX59,EG8,DX3) -> 입력오류 | EH59: =_xll.IMDP("BND",DX59,EH8,DX3) -> 입력오류 | EI59: =_xll.IMDP("BND",DX59,EI8,DX3) -> 입력오류 | EJ59: =_xll.IMDP("BND",DX59,EJ8,DX3) -> 입력오류 | EK59: 46316 | EL59: KR6000032856 | EM59: 000032 | EN59: 우리은행조건부자본증권(상)22-5이(후)15- | EO59: 0 | EP59: 0.96 | EQ59: 0 | ER59: 2186642 | ES59: 9328.94 | ET59: 5.8035 | EU59: =_xll.IMDP("BND",EL59,EU8,EL3) -> 20330529 | EV59: =_xll.IMDP("BND",EL59,EV8,EL3) -> 4.854 | EW59: =_xll.IMDP("BND",EL59,EW8,EL3) -> 금융채 | EX59: =_xll.IMDP("BND",EL59,EX8,EL3) -> 은행채
A60: 46316 | B60: KR6030203816 | C60: 030203 | D60: KT190-3 | E60: 0 | F60: 0.37 | G60: 0 | H60: 447851 | I60: 9925.22 | J60: 1.236 | K60: =_xll.IMDP("BND",B60,K8,B3) -> 20280130 | L60: =_xll.IMDP("BND",B60,L8,B3) -> 4.089 | M60: =_xll.IMDP("BND",B60,M8,B3) -> 회사채 | N60: =_xll.IMDP("BND",B60,N8,B3) -> 회사채(일반) | Y60: =_xll.IMDP("BND",P60,Y8,P3) -> 입력오류 | Z60: =_xll.IMDP("BND",P60,Z8,P3) -> 입력오류 | AA60: =_xll.IMDP("BND",P60,AA8,P3) -> 입력오류 | AB60: =_xll.IMDP("BND",P60,AB8,P3) -> 입력오류 | AM60: =_xll.IMDP("BND",AD60,AM8,AD3) -> 입력오류 | AN60: =_xll.IMDP("BND",AD60,AN8,AD3) -> 입력오류 | AO60: =_xll.IMDP("BND",AD60,AO8,AD3) -> 입력오류 | AP60: =_xll.IMDP("BND",AD60,AP8,AD3) -> 입력오류 | BA60: =_xll.IMDP("BND",AR60,BA8,AR3) -> 입력오류 | BB60: =_xll.IMDP("BND",AR60,BB8,AR3) -> 입력오류 | BC60: =_xll.IMDP("BND",AR60,BC8,AR3) -> 입력오류 | BD60: =_xll.IMDP("BND",AR60,BD8,AR3) -> 입력오류 | BO60: =_xll.IMDP("BND",BF60,BO8,BF3) -> 입력오류 | BP60: =_xll.IMDP("BND",BF60,BP8,BF3) -> 입력오류 | BQ60: =_xll.IMDP("BND",BF60,BQ8,BF3) -> 입력오류 | BR60: =_xll.IMDP("BND",BF60,BR8,BF3) -> 입력오류 | BS60: 46316 | BT60: KRZF07955RG8 | BU60: F07955 | BV60: 엘아이지디펜스앤에어로스페이스(CP) | BW60: 0 | BX60: 0.6 | BY60: 0 | BZ60: 854758 | CC60: =_xll.IMDP("BND",BT60,CC8,BT3) | CD60: =_xll.IMDP("BND",BT60,CD8,BT3) | CE60: =_xll.IMDP("BND",BT60,CE8,BT3) | CF60: =_xll.IMDP("BND",BT60,CF8,BT3) | CG60: 46316 | CH60: KR6101182C23 | CI60: 101182 | CJ60: 호텔롯데67-2 | CK60: 0 | CL60: 0.79 | CM60: 0 | CN60: 1001187 | CO60: 10043.79 | CP60: 0.2889 | CQ60: =_xll.IMDP("BND",CH60,CQ8,CH3) -> 20270205 | CR60: =_xll.IMDP("BND",CH60,CR8,CH3) -> 4.044 | CS60: =_xll.IMDP("BND",CH60,CS8,CH3) -> 회사채 | CT60: =_xll.IMDP("BND",CH60,CT8,CH3) -> 회사채(일반) | DE60: =_xll.IMDP("BND",CV60,DE8,CV3) -> 입력오류 | DF60: =_xll.IMDP("BND",CV60,DF8,CV3) -> 입력오류 | DG60: =_xll.IMDP("BND",CV60,DG8,CV3) -> 입력오류 | DH60: =_xll.IMDP("BND",CV60,DH8,CV3) -> 입력오류 | DI60: 46316 | DJ60: KR6004948G95 | DK60: 004948 | DL60: 하나은행49-09이3갑-17 | DM60: 0 | DN60: 0.31 | DO60: 0 | DP60: 482886 | DQ60: 10119.34 | DR60: 2.7038 | DS60: =_xll.IMDP("BND",DJ60,DS8,DJ3) -> 20290917 | DT60: =_xll.IMDP("BND",DJ60,DT8,DJ3) -> 4.215 | DU60: =_xll.IMDP("BND",DJ60,DU8,DJ3) -> 금융채 | DV60: =_xll.IMDP("BND",DJ60,DV8,DJ3) -> 은행채 | EG60: =_xll.IMDP("BND",DX60,EG8,DX3) -> 입력오류 | EH60: =_xll.IMDP("BND",DX60,EH8,DX3) -> 입력오류 | EI60: =_xll.IMDP("BND",DX60,EI8,DX3) -> 입력오류 | EJ60: =_xll.IMDP("BND",DX60,EJ8,DX3) -> 입력오류 | EK60: 46316 | EL60: KR6004941A31 | EM60: 004941 | EN60: 하나은행 조건부자본증권(상)43-03이10갑-2 | EO60: 0 | EP60: 0.95 | EQ60: 0 | ER60: 2183352 | ES60: 9316.18 | ET60: 3.2666 | EU60: =_xll.IMDP("BND",EL60,EU8,EL3) -> 20300324 | EV60: =_xll.IMDP("BND",EL60,EV8,EL3) -> 4.54 | EW60: =_xll.IMDP("BND",EL60,EW8,EL3) -> 금융채 | EX60: =_xll.IMDP("BND",EL60,EX8,EL3) -> 은행채
A61: 46316 | B61: KRC0350C3031 | C61: 0350C3 | D61: 국고채이자01870-3003 | E61: 0 | F61: 0.36 | G61: 0 | H61: 439405 | I61: 8764.48 | J61: 3.2561 | K61: =_xll.IMDP("BND",B61,K8,B3) -> 20300310 | L61: =_xll.IMDP("BND",B61,L8,B3) -> 3.969 | M61: =_xll.IMDP("BND",B61,M8,B3) -> 국채 | N61: =_xll.IMDP("BND",B61,N8,B3) -> 국고채권 | Y61: =_xll.IMDP("BND",P61,Y8,P3) -> 입력오류 | Z61: =_xll.IMDP("BND",P61,Z8,P3) -> 입력오류 | AA61: =_xll.IMDP("BND",P61,AA8,P3) -> 입력오류 | AB61: =_xll.IMDP("BND",P61,AB8,P3) -> 입력오류 | AM61: =_xll.IMDP("BND",AD61,AM8,AD3) -> 입력오류 | AN61: =_xll.IMDP("BND",AD61,AN8,AD3) -> 입력오류 | AO61: =_xll.IMDP("BND",AD61,AO8,AD3) -> 입력오류 | AP61: =_xll.IMDP("BND",AD61,AP8,AD3) -> 입력오류 | BA61: =_xll.IMDP("BND",AR61,BA8,AR3) -> 입력오류 | BB61: =_xll.IMDP("BND",AR61,BB8,AR3) -> 입력오류 | BC61: =_xll.IMDP("BND",AR61,BC8,AR3) -> 입력오류 | BD61: =_xll.IMDP("BND",AR61,BD8,AR3) -> 입력오류 | BO61: =_xll.IMDP("BND",BF61,BO8,BF3) -> 입력오류 | BP61: =_xll.IMDP("BND",BF61,BP8,BF3) -> 입력오류 | BQ61: =_xll.IMDP("BND",BF61,BQ8,BF3) -> 입력오류 | BR61: =_xll.IMDP("BND",BF61,BR8,BF3) -> 입력오류 | BS61: 46316 | BT61: KR6169371FB9 | BU61: 169371 | BV61: 메리츠캐피탈286-1 | BW61: 0 | BX61: 0.6 | BY61: 0 | BZ61: 854390 | CA61: 9940.32 | CB61: 1.0129 | CC61: =_xll.IMDP("BND",BT61,CC8,BT3) -> 20271105 | CD61: =_xll.IMDP("BND",BT61,CD8,BT3) -> 4.323 | CE61: =_xll.IMDP("BND",BT61,CE8,BT3) -> 금융채 | CF61: =_xll.IMDP("BND",BT61,CF8,BT3) -> 기타금융채 | CG61: 46316 | CH61: KR6176944F70 | CI61: 176944 | CJ61: 아이엠캐피탈134-2 | CK61: 0 | CL61: 0.79 | CM61: 0 | CN61: 1001069 | CO61: 9970.35 | CP61: 0.325 | CQ61: =_xll.IMDP("BND",CH61,CQ8,CH3) -> 20270219 | CR61: =_xll.IMDP("BND",CH61,CR8,CH3) -> 3.792 | CS61: =_xll.IMDP("BND",CH61,CS8,CH3) -> 금융채 | CT61: =_xll.IMDP("BND",CH61,CT8,CH3) -> 기타금융채 | DE61: =_xll.IMDP("BND",CV61,DE8,CV3) -> 입력오류 | DF61: =_xll.IMDP("BND",CV61,DF8,CV3) -> 입력오류 | DG61: =_xll.IMDP("BND",CV61,DG8,CV3) -> 입력오류 | DH61: =_xll.IMDP("BND",CV61,DH8,CV3) -> 입력오류 | DI61: 46316 | DJ61: KR353601GG54 | DK61: 53601G | DL61: 경기주택도시공사26-05-137 | DM61: 0 | DN61: 0.31 | DO61: 0 | DP61: 482829 | DQ61: 10116.4 | DR61: 1.4828 | DS61: =_xll.IMDP("BND",DJ61,DS8,DJ3) -> 20280515 | DT61: =_xll.IMDP("BND",DJ61,DT8,DJ3) -> 4.103 | DU61: =_xll.IMDP("BND",DJ61,DU8,DJ3) -> 공사공단채 | DV61: =_xll.IMDP("BND",DJ61,DV8,DJ3) -> 지방공기업 | EG61: =_xll.IMDP("BND",DX61,EG8,DX3) -> 입력오류 | EH61: =_xll.IMDP("BND",DX61,EH8,DX3) -> 입력오류 | EI61: =_xll.IMDP("BND",DX61,EI8,DX3) -> 입력오류 | EJ61: =_xll.IMDP("BND",DX61,EJ8,DX3) -> 입력오류 | EK61: 46316 | EL61: KR602988JAA7 | EM61: 02988J | EN61: 현대캐피탈1868-6 | EO61: 0 | EP61: 0.95 | EQ61: 0 | ER61: 2178397 | ES61: 9296.94 | ET61: 3.777 | EU61: =_xll.IMDP("BND",EL61,EU8,EL3) -> 20301029 | EV61: =_xll.IMDP("BND",EL61,EV8,EL3) -> 4.431 | EW61: =_xll.IMDP("BND",EL61,EW8,EL3) -> 금융채 | EX61: =_xll.IMDP("BND",EL61,EX8,EL3) -> 기타금융채
A62: 46316 | B62: KR2004131539 | C62: 004131 | D62: 인천지방채37-13 | E62: 0 | F62: 0.32 | G62: 0 | H62: 389424 | I62: 10131.64 | J62: 0.369 | K62: =_xll.IMDP("BND",B62,K8,B3) -> 20270309 | L62: =_xll.IMDP("BND",B62,L8,B3) -> 3.435 | M62: =_xll.IMDP("BND",B62,M8,B3) -> 지방채 | N62: =_xll.IMDP("BND",B62,N8,B3) -> 공모지방채 | Y62: =_xll.IMDP("BND",P62,Y8,P3) -> 입력오류 | Z62: =_xll.IMDP("BND",P62,Z8,P3) -> 입력오류 | AA62: =_xll.IMDP("BND",P62,AA8,P3) -> 입력오류 | AB62: =_xll.IMDP("BND",P62,AB8,P3) -> 입력오류 | AM62: =_xll.IMDP("BND",AD62,AM8,AD3) -> 입력오류 | AN62: =_xll.IMDP("BND",AD62,AN8,AD3) -> 입력오류 | AO62: =_xll.IMDP("BND",AD62,AO8,AD3) -> 입력오류 | AP62: =_xll.IMDP("BND",AD62,AP8,AD3) -> 입력오류 | BA62: =_xll.IMDP("BND",AR62,BA8,AR3) -> 입력오류 | BB62: =_xll.IMDP("BND",AR62,BB8,AR3) -> 입력오류 | BC62: =_xll.IMDP("BND",AR62,BC8,AR3) -> 입력오류 | BD62: =_xll.IMDP("BND",AR62,BD8,AR3) -> 입력오류 | BO62: =_xll.IMDP("BND",BF62,BO8,BF3) -> 입력오류 | BP62: =_xll.IMDP("BND",BF62,BP8,BF3) -> 입력오류 | BQ62: =_xll.IMDP("BND",BF62,BQ8,BF3) -> 입력오류 | BR62: =_xll.IMDP("BND",BF62,BR8,BF3) -> 입력오류 | BS62: 46316 | BT62: KRZE03901G9J | BU62: E03901 | BV62: 경남은행(CD) | BW62: 0 | BX62: 0.6 | BY62: 0 | BZ62: 852540 | CC62: =_xll.IMDP("BND",BT62,CC8,BT3) | CD62: =_xll.IMDP("BND",BT62,CD8,BT3) | CE62: =_xll.IMDP("BND",BT62,CE8,BT3) | CF62: =_xll.IMDP("BND",BT62,CF8,BT3) | CG62: 46316 | CH62: KR6000881F28 | CI62: 000881 | CJ62: 한화252-1 | CK62: 0 | CL62: 0.79 | CM62: 0 | CN62: 1000911 | CO62: 10040.92 | CP62: 0.308 | CQ62: =_xll.IMDP("BND",CH62,CQ8,CH3) -> 20270212 | CR62: =_xll.IMDP("BND",CH62,CR8,CH3) -> 3.783 | CS62: =_xll.IMDP("BND",CH62,CS8,CH3) -> 회사채 | CT62: =_xll.IMDP("BND",CH62,CT8,CH3) -> 회사채(일반) | DE62: =_xll.IMDP("BND",CV62,DE8,CV3) -> 입력오류 | DF62: =_xll.IMDP("BND",CV62,DF8,CV3) -> 입력오류 | DG62: =_xll.IMDP("BND",CV62,DG8,CV3) -> 입력오류 | DH62: =_xll.IMDP("BND",CV62,DH8,CV3) -> 입력오류 | DI62: 46316 | DJ62: KR3561087221 | DK62: 561087 | DL62: 토지주택채권109 | DM62: 0 | DN62: 0.31 | DO62: 0 | DP62: 482471 | DQ62: 10109.21 | DR62: 4.6881 | DS62: =_xll.IMDP("BND",DJ62,DS8,DJ3) -> 20320213 | DT62: =_xll.IMDP("BND",DJ62,DT8,DJ3) -> 4.28 | DU62: =_xll.IMDP("BND",DJ62,DU8,DJ3) -> 공사공단채 | DV62: =_xll.IMDP("BND",DJ62,DV8,DJ3) -> 일반 | EG62: =_xll.IMDP("BND",DX62,EG8,DX3) -> 입력오류 | EH62: =_xll.IMDP("BND",DX62,EH8,DX3) -> 입력오류 | EI62: =_xll.IMDP("BND",DX62,EI8,DX3) -> 입력오류 | EJ62: =_xll.IMDP("BND",DX62,EJ8,DX3) -> 입력오류 | EK62: 46316 | EL62: KR6060005A36 | EM62: 060005 | EN62: 국민은행조건부(상)4003이표일(03)10후19 | EO62: 0 | EP62: 0.95 | EQ62: 0 | ER62: 2170627 | ES62: 9266.5 | ET62: 3.2696 | EU62: =_xll.IMDP("BND",EL62,EU8,EL3) -> 20300319 | EV62: =_xll.IMDP("BND",EL62,EV8,EL3) -> 4.402 | EW62: =_xll.IMDP("BND",EL62,EW8,EL3) -> 금융채 | EX62: =_xll.IMDP("BND",EL62,EX8,EL3) -> 은행채
A63: 46316 | B63: KR350901GF74 | C63: 50901G | D63: 한국수자원공사287 | E63: 0 | F63: 0.31 | G63: 0 | H63: 375592 | I63: 7489.87 | J63: 17.6199 | K63: =_xll.IMDP("BND",B63,K8,B3) -> 20550715 | L63: =_xll.IMDP("BND",B63,L8,B3) -> 4.44 | M63: =_xll.IMDP("BND",B63,M8,B3) -> 공사공단채 | N63: =_xll.IMDP("BND",B63,N8,B3) -> 일반 | Y63: =_xll.IMDP("BND",P63,Y8,P3) -> 입력오류 | Z63: =_xll.IMDP("BND",P63,Z8,P3) -> 입력오류 | AA63: =_xll.IMDP("BND",P63,AA8,P3) -> 입력오류 | AB63: =_xll.IMDP("BND",P63,AB8,P3) -> 입력오류 | AM63: =_xll.IMDP("BND",AD63,AM8,AD3) -> 입력오류 | AN63: =_xll.IMDP("BND",AD63,AN8,AD3) -> 입력오류 | AO63: =_xll.IMDP("BND",AD63,AO8,AD3) -> 입력오류 | AP63: =_xll.IMDP("BND",AD63,AP8,AD3) -> 입력오류 | BA63: =_xll.IMDP("BND",AR63,BA8,AR3) -> 입력오류 | BB63: =_xll.IMDP("BND",AR63,BB8,AR3) -> 입력오류 | BC63: =_xll.IMDP("BND",AR63,BC8,AR3) -> 입력오류 | BD63: =_xll.IMDP("BND",AR63,BD8,AR3) -> 입력오류 | BO63: =_xll.IMDP("BND",BF63,BO8,BF3) -> 입력오류 | BP63: =_xll.IMDP("BND",BF63,BP8,BF3) -> 입력오류 | BQ63: =_xll.IMDP("BND",BF63,BQ8,BF3) -> 입력오류 | BR63: =_xll.IMDP("BND",BF63,BR8,BF3) -> 입력오류 | BS63: 46316 | BT63: KRZE01101G9N | BU63: E01101 | BV63: 농협은행(CD) | BW63: 0 | BX63: 0.6 | BY63: 0 | BZ63: 852438 | CC63: =_xll.IMDP("BND",BT63,CC8,BT3) | CD63: =_xll.IMDP("BND",BT63,CD8,BT3) | CE63: =_xll.IMDP("BND",BT63,CE8,BT3) | CF63: =_xll.IMDP("BND",BT63,CF8,BT3) | CG63: 46316 | CH63: KR6079314E95 | CI63: 079314 | CJ63: JB 우리캐피탈520-4 | CK63: 0 | CL63: 0.79 | CM63: 0 | CN63: 1000634 | CO63: 10038.17 | CP63: 0.2257 | CQ63: =_xll.IMDP("BND",CH63,CQ8,CH3) -> 20270112 | CR63: =_xll.IMDP("BND",CH63,CR8,CH3) -> 3.611 | CS63: =_xll.IMDP("BND",CH63,CS8,CH3) -> 금융채 | CT63: =_xll.IMDP("BND",CH63,CT8,CH3) -> 기타금융채 | DE63: =_xll.IMDP("BND",CV63,DE8,CV3) -> 입력오류 | DF63: =_xll.IMDP("BND",CV63,DF8,CV3) -> 입력오류 | DG63: =_xll.IMDP("BND",CV63,DG8,CV3) -> 입력오류 | DH63: =_xll.IMDP("BND",CV63,DH8,CV3) -> 입력오류 | DI63: 46316 | DJ63: KR6029789G94 | DK63: 029789 | DL63: 삼성카드2911 | DM63: 0 | DN63: 0.3 | DO63: 0 | DP63: 481933 | DQ63: 10098.08 | DR63: 3.1168 | DS63: =_xll.IMDP("BND",DJ63,DS8,DJ3) -> 20300314 | DT63: =_xll.IMDP("BND",DJ63,DT8,DJ3) -> 4.427 | DU63: =_xll.IMDP("BND",DJ63,DU8,DJ3) -> 금융채 | DV63: =_xll.IMDP("BND",DJ63,DV8,DJ3) -> 카드 | EG63: =_xll.IMDP("BND",DX63,EG8,DX3) -> 입력오류 | EH63: =_xll.IMDP("BND",DX63,EH8,DX3) -> 입력오류 | EI63: =_xll.IMDP("BND",DX63,EI8,DX3) -> 입력오류 | EJ63: =_xll.IMDP("BND",DX63,EJ8,DX3) -> 입력오류 | EK63: 46316 | EL63: KR6051914A27 | EM63: 051914 | EN63: LG화학53-4 | EO63: 0 | EP63: 0.95 | EQ63: 0 | ER63: 2168936 | ES63: 9255.51 | ET63: 3.1842 | EU63: =_xll.IMDP("BND",EL63,EU8,EL3) -> 20300219 | EV63: =_xll.IMDP("BND",EL63,EV8,EL3) -> 4.431 | EW63: =_xll.IMDP("BND",EL63,EW8,EL3) -> 회사채 | EX63: =_xll.IMDP("BND",EL63,EX8,EL3) -> 회사채(일반)
A64: 46316 | B64: KRC0350C4138 | C64: 0350C4 | D64: 국고채이자01580-41 | E64: 0 | F64: 0.3 | G64: 0 | H64: 365798 | I64: 5472.59 | J64: 13.7977 | K64: =_xll.IMDP("BND",B64,K8,B3) -> 20410310 | L64: =_xll.IMDP("BND",B64,L8,B3) -> 4.278 | M64: =_xll.IMDP("BND",B64,M8,B3) -> 국채 | N64: =_xll.IMDP("BND",B64,N8,B3) -> 국고채권 | Y64: =_xll.IMDP("BND",P64,Y8,P3) -> 입력오류 | Z64: =_xll.IMDP("BND",P64,Z8,P3) -> 입력오류 | AA64: =_xll.IMDP("BND",P64,AA8,P3) -> 입력오류 | AB64: =_xll.IMDP("BND",P64,AB8,P3) -> 입력오류 | AM64: =_xll.IMDP("BND",AD64,AM8,AD3) -> 입력오류 | AN64: =_xll.IMDP("BND",AD64,AN8,AD3) -> 입력오류 | AO64: =_xll.IMDP("BND",AD64,AO8,AD3) -> 입력오류 | AP64: =_xll.IMDP("BND",AD64,AP8,AD3) -> 입력오류 | BA64: =_xll.IMDP("BND",AR64,BA8,AR3) -> 입력오류 | BB64: =_xll.IMDP("BND",AR64,BB8,AR3) -> 입력오류 | BC64: =_xll.IMDP("BND",AR64,BC8,AR3) -> 입력오류 | BD64: =_xll.IMDP("BND",AR64,BD8,AR3) -> 입력오류 | BO64: =_xll.IMDP("BND",BF64,BO8,BF3) -> 입력오류 | BP64: =_xll.IMDP("BND",BF64,BP8,BF3) -> 입력오류 | BQ64: =_xll.IMDP("BND",BF64,BQ8,BF3) -> 입력오류 | BR64: =_xll.IMDP("BND",BF64,BR8,BF3) -> 입력오류 | BS64: 46316 | BT64: KRZF131795G8 | BU64: F13179 | BV64: 연합자산관리(CP) | BW64: 0 | BX64: 0.6 | BY64: 0 | BZ64: 851841 | CC64: =_xll.IMDP("BND",BT64,CC8,BT3) | CD64: =_xll.IMDP("BND",BT64,CD8,BT3) | CE64: =_xll.IMDP("BND",BT64,CE8,BT3) | CF64: =_xll.IMDP("BND",BT64,CF8,BT3) | CG64: 46316 | CH64: KR6033664E15 | CI64: 033664 | CJ64: 우리금융캐피탈494-4 | CK64: 0 | CL64: 0.79 | CM64: 0 | CN64: 999973 | CO64: 10031.59 | CP64: 0.2034 | CQ64: =_xll.IMDP("BND",CH64,CQ8,CH3) -> 20270104 | CR64: =_xll.IMDP("BND",CH64,CR8,CH3) -> 3.572 | CS64: =_xll.IMDP("BND",CH64,CS8,CH3) -> 금융채 | CT64: =_xll.IMDP("BND",CH64,CT8,CH3) -> 기타금융채 | DE64: =_xll.IMDP("BND",CV64,DE8,CV3) -> 입력오류 | DF64: =_xll.IMDP("BND",CV64,DF8,CV3) -> 입력오류 | DG64: =_xll.IMDP("BND",CV64,DG8,CV3) -> 입력오류 | DH64: =_xll.IMDP("BND",CV64,DH8,CV3) -> 입력오류 | DI64: 46316 | DJ64: KR350802GD76 | DK64: 50802G | DL64: 한국가스공사454 | DM64: 0 | DN64: 0.3 | DO64: 0 | DP64: 481333 | DQ64: 9985.15 | DR64: 1.666 | DS64: =_xll.IMDP("BND",DJ64,DS8,DJ3) -> 20280721 | DT64: =_xll.IMDP("BND",DJ64,DT8,DJ3) -> 4.09 | DU64: =_xll.IMDP("BND",DJ64,DU8,DJ3) -> 공사공단채 | DV64: =_xll.IMDP("BND",DJ64,DV8,DJ3) -> 일반 | EG64: =_xll.IMDP("BND",DX64,EG8,DX3) -> 입력오류 | EH64: =_xll.IMDP("BND",DX64,EH8,DX3) -> 입력오류 | EI64: =_xll.IMDP("BND",DX64,EI8,DX3) -> 입력오류 | EJ64: =_xll.IMDP("BND",DX64,EJ8,DX3) -> 입력오류 | EK64: 46316 | EL64: KR381002GBA8 | EM64: 81002G | EN64: 농업금융채권(은행) 조건부자본증권(상)202 | EO64: 0 | EP64: 0.95 | EQ64: 0 | ER64: 2167171 | ES64: 9248.37 | ET64: 4.6226 | EU64: =_xll.IMDP("BND",EL64,EU8,EL3) -> 20311019 | EV64: =_xll.IMDP("BND",EL64,EV8,EL3) -> 4.543 | EW64: =_xll.IMDP("BND",EL64,EW8,EL3) -> 금융채 | EX64: =_xll.IMDP("BND",EL64,EX8,EL3) -> 은행채
A65: 46316 | B65: KR2044022D22 | C65: 044022 | D65: 경기지역개발23-02 | E65: 0 | F65: 0.3 | G65: 0 | H65: 359516 | I65: 10756.73 | J65: 1.3085 | K65: =_xll.IMDP("BND",B65,K8,B3) -> 20280229 | L65: =_xll.IMDP("BND",B65,L8,B3) -> 3.782 | M65: =_xll.IMDP("BND",B65,M8,B3) -> 지방채 | N65: =_xll.IMDP("BND",B65,N8,B3) -> 지역개발채권 | Y65: =_xll.IMDP("BND",P65,Y8,P3) -> 입력오류 | Z65: =_xll.IMDP("BND",P65,Z8,P3) -> 입력오류 | AA65: =_xll.IMDP("BND",P65,AA8,P3) -> 입력오류 | AB65: =_xll.IMDP("BND",P65,AB8,P3) -> 입력오류 | AM65: =_xll.IMDP("BND",AD65,AM8,AD3) -> 입력오류 | AN65: =_xll.IMDP("BND",AD65,AN8,AD3) -> 입력오류 | AO65: =_xll.IMDP("BND",AD65,AO8,AD3) -> 입력오류 | AP65: =_xll.IMDP("BND",AD65,AP8,AD3) -> 입력오류 | BA65: =_xll.IMDP("BND",AR65,BA8,AR3) -> 입력오류 | BB65: =_xll.IMDP("BND",AR65,BB8,AR3) -> 입력오류 | BC65: =_xll.IMDP("BND",AR65,BC8,AR3) -> 입력오류 | BD65: =_xll.IMDP("BND",AR65,BD8,AR3) -> 입력오류 | BO65: =_xll.IMDP("BND",BF65,BO8,BF3) -> 입력오류 | BP65: =_xll.IMDP("BND",BF65,BP8,BF3) -> 입력오류 | BQ65: =_xll.IMDP("BND",BF65,BQ8,BF3) -> 입력오류 | BR65: =_xll.IMDP("BND",BF65,BR8,BF3) -> 입력오류 | BS65: 46316 | BT65: KRZF131797G8 | BU65: F13179 | BV65: 연합자산관리(CP) | BW65: 0 | BX65: 0.6 | BY65: 0 | BZ65: 851841 | CC65: =_xll.IMDP("BND",BT65,CC8,BT3) | CD65: =_xll.IMDP("BND",BT65,CD8,BT3) | CE65: =_xll.IMDP("BND",BT65,CE8,BT3) | CF65: =_xll.IMDP("BND",BT65,CF8,BT3) | CG65: 46316 | CH65: KR6095239F35 | CI65: 095239 | CJ65: 애큐온캐피탈245-1 | CK65: 0 | CL65: 0.79 | CM65: 0 | CN65: 999596 | CO65: 10027.9 | CP65: 0.0199 | CQ65: =_xll.IMDP("BND",CH65,CQ8,CH3) -> 20261028 | CR65: =_xll.IMDP("BND",CH65,CR8,CH3) -> 4.33 | CS65: =_xll.IMDP("BND",CH65,CS8,CH3) -> 금융채 | CT65: =_xll.IMDP("BND",CH65,CT8,CH3) -> 기타금융채 | DE65: =_xll.IMDP("BND",CV65,DE8,CV3) -> 입력오류 | DF65: =_xll.IMDP("BND",CV65,DF8,CV3) -> 입력오류 | DG65: =_xll.IMDP("BND",CV65,DG8,CV3) -> 입력오류 | DH65: =_xll.IMDP("BND",CV65,DH8,CV3) -> 입력오류 | DI65: 46316 | DJ65: KR350801GG90 | DK65: 50801G | DL65: 한국가스공사572 | DM65: 0 | DN65: 0.3 | DO65: 0 | DP65: 481019 | DQ65: 10079.41 | DR65: 2.6728 | DS65: =_xll.IMDP("BND",DJ65,DS8,DJ3) -> 20290903 | DT65: =_xll.IMDP("BND",DJ65,DT8,DJ3) -> 4.211 | DU65: =_xll.IMDP("BND",DJ65,DU8,DJ3) -> 공사공단채 | DV65: =_xll.IMDP("BND",DJ65,DV8,DJ3) -> 일반 | EG65: =_xll.IMDP("BND",DX65,EG8,DX3) -> 입력오류 | EH65: =_xll.IMDP("BND",DX65,EH8,DX3) -> 입력오류 | EI65: =_xll.IMDP("BND",DX65,EI8,DX3) -> 입력오류 | EJ65: =_xll.IMDP("BND",DX65,EJ8,DX3) -> 입력오류 | EK65: 46316 | EL65: KR6138094B49 | EM65: 138094 | EN65: SK에너지48-4 | EO65: 0 | EP65: 0.95 | EQ65: 0 | ER65: 2163291 | ES65: 9232.98 | ET65: 4.1636 | EU65: =_xll.IMDP("BND",EL65,EU8,EL3) -> 20310406 | EV65: =_xll.IMDP("BND",EL65,EV8,EL3) -> 4.517 | EW65: =_xll.IMDP("BND",EL65,EW8,EL3) -> 회사채 | EX65: =_xll.IMDP("BND",EL65,EX8,EL3) -> 회사채(일반)
A66: 46316 | B66: KR6000664D23 | C66: 000664 | D66: 에스케이하이닉스224-4 | E66: 0 | F66: 0.29 | G66: 0 | H66: 347443 | I66: 10395.59 | J66: 5.3817 | K66: =_xll.IMDP("BND",B66,K8,B3) -> 20330214 | L66: =_xll.IMDP("BND",B66,L8,B3) -> 4.347 | M66: =_xll.IMDP("BND",B66,M8,B3) -> 회사채 | N66: =_xll.IMDP("BND",B66,N8,B3) -> 회사채(일반) | Y66: =_xll.IMDP("BND",P66,Y8,P3) -> 입력오류 | Z66: =_xll.IMDP("BND",P66,Z8,P3) -> 입력오류 | AA66: =_xll.IMDP("BND",P66,AA8,P3) -> 입력오류 | AB66: =_xll.IMDP("BND",P66,AB8,P3) -> 입력오류 | AM66: =_xll.IMDP("BND",AD66,AM8,AD3) -> 입력오류 | AN66: =_xll.IMDP("BND",AD66,AN8,AD3) -> 입력오류 | AO66: =_xll.IMDP("BND",AD66,AO8,AD3) -> 입력오류 | AP66: =_xll.IMDP("BND",AD66,AP8,AD3) -> 입력오류 | BA66: =_xll.IMDP("BND",AR66,BA8,AR3) -> 입력오류 | BB66: =_xll.IMDP("BND",AR66,BB8,AR3) -> 입력오류 | BC66: =_xll.IMDP("BND",AR66,BC8,AR3) -> 입력오류 | BD66: =_xll.IMDP("BND",AR66,BD8,AR3) -> 입력오류 | BO66: =_xll.IMDP("BND",BF66,BO8,BF3) -> 입력오류 | BP66: =_xll.IMDP("BND",BF66,BP8,BF3) -> 입력오류 | BQ66: =_xll.IMDP("BND",BF66,BQ8,BF3) -> 입력오류 | BR66: =_xll.IMDP("BND",BF66,BR8,BF3) -> 입력오류 | BS66: 46316 | BT66: KRZF131796G8 | BU66: F13179 | BV66: 연합자산관리(CP) | BW66: 0 | BX66: 0.6 | BY66: 0 | BZ66: 851841 | CC66: =_xll.IMDP("BND",BT66,CC8,BT3) | CD66: =_xll.IMDP("BND",BT66,CD8,BT3) | CE66: =_xll.IMDP("BND",BT66,CE8,BT3) | CF66: =_xll.IMDP("BND",BT66,CF8,BT3) | CG66: 46316 | CH66: KR6003451F22 | CI66: 003451 | CJ66: KB증권46-1 | CK66: 0 | CL66: 0.79 | CM66: 0 | CN66: 999517 | CO66: 10027.16 | CP66: 0.3256 | CQ66: =_xll.IMDP("BND",CH66,CQ8,CH3) -> 20270219 | CR66: =_xll.IMDP("BND",CH66,CR8,CH3) -> 3.779 | CS66: =_xll.IMDP("BND",CH66,CS8,CH3) -> 회사채 | CT66: =_xll.IMDP("BND",CH66,CT8,CH3) -> 회사채(일반) | DE66: =_xll.IMDP("BND",CV66,DE8,CV3) -> 입력오류 | DF66: =_xll.IMDP("BND",CV66,DF8,CV3) -> 입력오류 | DG66: =_xll.IMDP("BND",CV66,DG8,CV3) -> 입력오류 | DH66: =_xll.IMDP("BND",CV66,DH8,CV3) -> 입력오류 | DI66: 46316 | DJ66: KR3527017197 | DK66: 527017 | DL66: 국가철도공단채권190 | DM66: 0 | DN66: 0.3 | DO66: 0 | DP66: 480777 | DQ66: 10073.26 | DR66: 4.3905 | DS66: =_xll.IMDP("BND",DJ66,DS8,DJ3) -> 20310929 | DT66: =_xll.IMDP("BND",DJ66,DT8,DJ3) -> 4.293 | DU66: =_xll.IMDP("BND",DJ66,DU8,DJ3) -> 공사공단채 | DV66: =_xll.IMDP("BND",DJ66,DV8,DJ3) -> 일반 | EG66: =_xll.IMDP("BND",DX66,EG8,DX3) -> 입력오류 | EH66: =_xll.IMDP("BND",DX66,EH8,DX3) -> 입력오류 | EI66: =_xll.IMDP("BND",DX66,EI8,DX3) -> 입력오류 | EJ66: =_xll.IMDP("BND",DX66,EJ8,DX3) -> 입력오류 | EK66: 46316 | EL66: KR6063622FA4 | EM66: 063622 | EN66: 한국서부발전73-2 | EO66: 0 | EP66: 0.94 | EQ66: 0 | ER66: 2157270 | ES66: 9206.86 | ET66: 7.5884 | EU66: =_xll.IMDP("BND",EL66,EU8,EL3) -> 20351031 | EV66: =_xll.IMDP("BND",EL66,EV8,EL3) -> 4.591 | EW66: =_xll.IMDP("BND",EL66,EW8,EL3) -> 회사채 | EX66: =_xll.IMDP("BND",EL66,EX8,EL3) -> 회사채(일반)
A67: 46316 | B67: KR1035027V32 | C67: 035027 | D67: 국고채권0550-2803 | E67: 0 | F67: 0.29 | G67: 0 | H67: 344616 | I67: 10298.6 | J67: 1.3235 | K67: =_xll.IMDP("BND",B67,K8,B3) -> 20280310 | L67: =_xll.IMDP("BND",B67,L8,B3) -> 3.73 | M67: =_xll.IMDP("BND",B67,M8,B3) -> 국채 | N67: =_xll.IMDP("BND",B67,N8,B3) -> 국고채권 | Y67: =_xll.IMDP("BND",P67,Y8,P3) -> 입력오류 | Z67: =_xll.IMDP("BND",P67,Z8,P3) -> 입력오류 | AA67: =_xll.IMDP("BND",P67,AA8,P3) -> 입력오류 | AB67: =_xll.IMDP("BND",P67,AB8,P3) -> 입력오류 | AM67: =_xll.IMDP("BND",AD67,AM8,AD3) -> 입력오류 | AN67: =_xll.IMDP("BND",AD67,AN8,AD3) -> 입력오류 | AO67: =_xll.IMDP("BND",AD67,AO8,AD3) -> 입력오류 | AP67: =_xll.IMDP("BND",AD67,AP8,AD3) -> 입력오류 | BA67: =_xll.IMDP("BND",AR67,BA8,AR3) -> 입력오류 | BB67: =_xll.IMDP("BND",AR67,BB8,AR3) -> 입력오류 | BC67: =_xll.IMDP("BND",AR67,BC8,AR3) -> 입력오류 | BD67: =_xll.IMDP("BND",AR67,BD8,AR3) -> 입력오류 | BO67: =_xll.IMDP("BND",BF67,BO8,BF3) -> 입력오류 | BP67: =_xll.IMDP("BND",BF67,BP8,BF3) -> 입력오류 | BQ67: =_xll.IMDP("BND",BF67,BQ8,BF3) -> 입력오류 | BR67: =_xll.IMDP("BND",BF67,BR8,BF3) -> 입력오류 | BS67: 46316 | BT67: KR6017673D42 | BU67: 017673 | BV67: SK텔레콤86-3 | BW67: 0 | BX67: 0.6 | BY67: 0 | BZ67: 851272 | CA67: 9903.25 | CB67: 3.2261 | CC67: =_xll.IMDP("BND",BT67,CC8,BT3) -> 20300412 | CD67: =_xll.IMDP("BND",BT67,CD8,BT3) -> 4.294 | CE67: =_xll.IMDP("BND",BT67,CE8,BT3) -> 회사채 | CF67: =_xll.IMDP("BND",BT67,CF8,BT3) -> 회사채(일반) | CG67: 46316 | CH67: KR6169376E73 | CI67: 169376 | CJ67: 메리츠캐피탈259-5 | CK67: 0 | CL67: 0.79 | CM67: 0 | CN67: 999334 | CO67: 10025.08 | CP67: 0.2329 | CQ67: =_xll.IMDP("BND",CH67,CQ8,CH3) -> 20270115 | CR67: =_xll.IMDP("BND",CH67,CR8,CH3) -> 3.985 | CS67: =_xll.IMDP("BND",CH67,CS8,CH3) -> 금융채 | CT67: =_xll.IMDP("BND",CH67,CT8,CH3) -> 기타금융채 | DE67: =_xll.IMDP("BND",CV67,DE8,CV3) -> 입력오류 | DF67: =_xll.IMDP("BND",CV67,DF8,CV3) -> 입력오류 | DG67: =_xll.IMDP("BND",CV67,DG8,CV3) -> 입력오류 | DH67: =_xll.IMDP("BND",CV67,DH8,CV3) -> 입력오류 | DI67: 46316 | DJ67: KR354601GDC2 | DK67: 54601G | DL67: 한국철도공사243 | DM67: 0 | DN67: 0.3 | DO67: 0 | DP67: 480549 | DQ67: 10068.63 | DR67: 2.0128 | DS67: =_xll.IMDP("BND",DJ67,DS8,DJ3) -> 20281213 | DT67: =_xll.IMDP("BND",DJ67,DT8,DJ3) -> 4.136 | DU67: =_xll.IMDP("BND",DJ67,DU8,DJ3) -> 공사공단채 | DV67: =_xll.IMDP("BND",DJ67,DV8,DJ3) -> 일반 | EG67: =_xll.IMDP("BND",DX67,EG8,DX3) -> 입력오류 | EH67: =_xll.IMDP("BND",DX67,EH8,DX3) -> 입력오류 | EI67: =_xll.IMDP("BND",DX67,EI8,DX3) -> 입력오류 | EJ67: =_xll.IMDP("BND",DX67,EJ8,DX3) -> 입력오류 | EK67: 46316 | EL67: KR6004941B63 | EM67: 004941 | EN67: 하나은행 조건부자본증권(상)4406이(후)10 | EO67: 0 | EP67: 0.94 | EQ67: 0 | ER67: 2156061 | ES67: 9202.49 | ET67: 4.3367 | EU67: =_xll.IMDP("BND",EL67,EU8,EL3) -> 20310614 | EV67: =_xll.IMDP("BND",EL67,EV8,EL3) -> 4.555 | EW67: =_xll.IMDP("BND",EL67,EW8,EL3) -> 금융채 | EX67: =_xll.IMDP("BND",EL67,EX8,EL3) -> 은행채
A68: 46316 | B68: KR6034734D51 | C68: 034734 | D68: SK307-4 | E68: 0 | F68: 0.28 | G68: 0 | H68: 340747 | I68: 10194.48 | J68: 5.6334 | K68: =_xll.IMDP("BND",B68,K8,B3) -> 20330530 | L68: =_xll.IMDP("BND",B68,L8,B3) -> 4.444 | M68: =_xll.IMDP("BND",B68,M8,B3) -> 회사채 | N68: =_xll.IMDP("BND",B68,N8,B3) -> 회사채(일반) | Y68: =_xll.IMDP("BND",P68,Y8,P3) -> 입력오류 | Z68: =_xll.IMDP("BND",P68,Z8,P3) -> 입력오류 | AA68: =_xll.IMDP("BND",P68,AA8,P3) -> 입력오류 | AB68: =_xll.IMDP("BND",P68,AB8,P3) -> 입력오류 | AM68: =_xll.IMDP("BND",AD68,AM8,AD3) -> 입력오류 | AN68: =_xll.IMDP("BND",AD68,AN8,AD3) -> 입력오류 | AO68: =_xll.IMDP("BND",AD68,AO8,AD3) -> 입력오류 | AP68: =_xll.IMDP("BND",AD68,AP8,AD3) -> 입력오류 | BA68: =_xll.IMDP("BND",AR68,BA8,AR3) -> 입력오류 | BB68: =_xll.IMDP("BND",AR68,BB8,AR3) -> 입력오류 | BC68: =_xll.IMDP("BND",AR68,BC8,AR3) -> 입력오류 | BD68: =_xll.IMDP("BND",AR68,BD8,AR3) -> 입력오류 | BO68: =_xll.IMDP("BND",BF68,BO8,BF3) -> 입력오류 | BP68: =_xll.IMDP("BND",BF68,BP8,BF3) -> 입력오류 | BQ68: =_xll.IMDP("BND",BF68,BQ8,BF3) -> 입력오류 | BR68: =_xll.IMDP("BND",BF68,BR8,BF3) -> 입력오류 | BS68: 46316 | BT68: KR6039491G19 | BU68: 039491 | BV68: 키움증권17-1 | BW68: 0 | BX68: 0.59 | BY68: 0 | BZ68: 850275 | CA68: 9891.51 | CB68: 2.1466 | CC68: =_xll.IMDP("BND",BT68,CC8,BT3) -> 20290126 | CD68: =_xll.IMDP("BND",BT68,CD8,BT3) -> 4.409 | CE68: =_xll.IMDP("BND",BT68,CE8,BT3) -> 회사채 | CF68: =_xll.IMDP("BND",BT68,CF8,BT3) -> 회사채(일반) | CG68: 46316 | CH68: KR6139481F28 | CI68: 139481 | CJ68: 이마트28-1 | CK68: 0 | CL68: 0.79 | CM68: 0 | CN68: 998916 | CO68: 10021.06 | CP68: 0.3443 | CQ68: =_xll.IMDP("BND",CH68,CQ8,CH3) -> 20270226 | CR68: =_xll.IMDP("BND",CH68,CR8,CH3) -> 3.896 | CS68: =_xll.IMDP("BND",CH68,CS8,CH3) -> 회사채 | CT68: =_xll.IMDP("BND",CH68,CT8,CH3) -> 회사채(일반) | DE68: =_xll.IMDP("BND",CV68,DE8,CV3) -> 입력오류 | DF68: =_xll.IMDP("BND",CV68,DF8,CV3) -> 입력오류 | DG68: =_xll.IMDP("BND",CV68,DG8,CV3) -> 입력오류 | DH68: =_xll.IMDP("BND",CV68,DH8,CV3) -> 입력오류 | DI68: 46316 | DJ68: KR6175332G97 | DK68: 175332 | DL68: JB금융지주45-2 | DM68: 0 | DN68: 0.3 | DO68: 0 | DP68: 480481 | DQ68: 10067.67 | DR68: 1.8066 | DS68: =_xll.IMDP("BND",DJ68,DS8,DJ3) -> 20280914 | DT68: =_xll.IMDP("BND",DJ68,DT8,DJ3) -> 4.338 | DU68: =_xll.IMDP("BND",DJ68,DU8,DJ3) -> 회사채 | DV68: =_xll.IMDP("BND",DJ68,DV8,DJ3) -> 회사채(일반) | EG68: =_xll.IMDP("BND",DX68,EG8,DX3) -> 입력오류 | EH68: =_xll.IMDP("BND",DX68,EH8,DX3) -> 입력오류 | EI68: =_xll.IMDP("BND",DX68,EI8,DX3) -> 입력오류 | EJ68: =_xll.IMDP("BND",DX68,EJ8,DX3) -> 입력오류 | EK68: 46316 | EL68: KR6004942A89 | EM68: 004942 | EN68: 하나은행 조건부자본증권(상)43-08이10갑-1 | EO68: 0 | EP68: 0.94 | EQ68: 0 | ER68: 2152265 | ES68: 9183.46 | ET68: 3.6212 | EU68: =_xll.IMDP("BND",EL68,EU8,EL3) -> 20300813 | EV68: =_xll.IMDP("BND",EL68,EV8,EL3) -> 4.601 | EW68: =_xll.IMDP("BND",EL68,EW8,EL3) -> 금융채 | EX68: =_xll.IMDP("BND",EL68,EX8,EL3) -> 은행채
A69: 46316 | B69: KR6032714DB0 | C69: 032714 | D69: 신한카드2197-3 | E69: 0 | F69: 0.28 | G69: 0 | H69: 340262 | I69: 10180.51 | J69: 1.9286 | K69: =_xll.IMDP("BND",B69,K8,B3) -> 20281109 | L69: =_xll.IMDP("BND",B69,L8,B3) -> 4.388 | M69: =_xll.IMDP("BND",B69,M8,B3) -> 금융채 | N69: =_xll.IMDP("BND",B69,N8,B3) -> 카드 | Y69: =_xll.IMDP("BND",P69,Y8,P3) -> 입력오류 | Z69: =_xll.IMDP("BND",P69,Z8,P3) -> 입력오류 | AA69: =_xll.IMDP("BND",P69,AA8,P3) -> 입력오류 | AB69: =_xll.IMDP("BND",P69,AB8,P3) -> 입력오류 | AM69: =_xll.IMDP("BND",AD69,AM8,AD3) -> 입력오류 | AN69: =_xll.IMDP("BND",AD69,AN8,AD3) -> 입력오류 | AO69: =_xll.IMDP("BND",AD69,AO8,AD3) -> 입력오류 | AP69: =_xll.IMDP("BND",AD69,AP8,AD3) -> 입력오류 | BA69: =_xll.IMDP("BND",AR69,BA8,AR3) -> 입력오류 | BB69: =_xll.IMDP("BND",AR69,BB8,AR3) -> 입력오류 | BC69: =_xll.IMDP("BND",AR69,BC8,AR3) -> 입력오류 | BD69: =_xll.IMDP("BND",AR69,BD8,AR3) -> 입력오류 | BO69: =_xll.IMDP("BND",BF69,BO8,BF3) -> 입력오류 | BP69: =_xll.IMDP("BND",BF69,BP8,BF3) -> 입력오류 | BQ69: =_xll.IMDP("BND",BF69,BQ8,BF3) -> 입력오류 | BR69: =_xll.IMDP("BND",BF69,BR8,BF3) -> 입력오류 | BS69: 46316 | BT69: KR350901GG40 | BU69: 50901G | BV69: 한국수자원공사296 | BW69: 0 | BX69: 0.59 | BY69: 0 | BZ69: 850119 | CA69: 9889.23 | CB69: 2.3657 | CC69: =_xll.IMDP("BND",BT69,CC8,BT3) -> 20290417 | CD69: =_xll.IMDP("BND",BT69,CD8,BT3) -> 4.143 | CE69: =_xll.IMDP("BND",BT69,CE8,BT3) -> 공사공단채 | CF69: =_xll.IMDP("BND",BT69,CF8,BT3) -> 일반 | CG69: 46316 | CH69: KR6002382E11 | CI69: 002382 | CJ69: 케이씨씨76-2 | CK69: 0 | CL69: 0.79 | CM69: 0 | CN69: 998734 | CO69: 10019.19 | CP69: 0.233 | CQ69: =_xll.IMDP("BND",CH69,CQ8,CH3) -> 20270115 | CR69: =_xll.IMDP("BND",CH69,CR8,CH3) -> 3.714 | CS69: =_xll.IMDP("BND",CH69,CS8,CH3) -> 회사채 | CT69: =_xll.IMDP("BND",CH69,CT8,CH3) -> 회사채(일반) | DE69: =_xll.IMDP("BND",CV69,DE8,CV3) -> 입력오류 | DF69: =_xll.IMDP("BND",CV69,DF8,CV3) -> 입력오류 | DG69: =_xll.IMDP("BND",CV69,DG8,CV3) -> 입력오류 | DH69: =_xll.IMDP("BND",CV69,DH8,CV3) -> 입력오류 | DI69: 46316 | DJ69: KR350111GG46 | DK69: 50111G | DL69: 한국전력공사채권1569 | DM69: 0 | DN69: 0.3 | DO69: 0 | DP69: 480209 | DQ69: 9877.08 | DR69: 2.3152 | DS69: =_xll.IMDP("BND",DJ69,DS8,DJ3) -> 20290420 | DT69: =_xll.IMDP("BND",DJ69,DT8,DJ3) -> 4.219 | DU69: =_xll.IMDP("BND",DJ69,DU8,DJ3) -> 공사공단채 | DV69: =_xll.IMDP("BND",DJ69,DV8,DJ3) -> 일반 | EG69: =_xll.IMDP("BND",DX69,EG8,DX3) -> 입력오류 | EH69: =_xll.IMDP("BND",DX69,EH8,DX3) -> 입력오류 | EI69: =_xll.IMDP("BND",DX69,EI8,DX3) -> 입력오류 | EJ69: =_xll.IMDP("BND",DX69,EJ8,DX3) -> 입력오류 | EK69: 46316 | EL69: KR6060005A85 | EM69: 060005 | EN69: 국민은행조건부(상)4008이(03)10후28(지) | EO69: 0 | EP69: 0.94 | EQ69: 0 | ER69: 2150513 | ES69: 9179.01 | ET69: 3.6691 | EU69: =_xll.IMDP("BND",EL69,EU8,EL3) -> 20300828 | EV69: =_xll.IMDP("BND",EL69,EV8,EL3) -> 4.465 | EW69: =_xll.IMDP("BND",EL69,EW8,EL3) -> 금융채 | EX69: =_xll.IMDP("BND",EL69,EX8,EL3) -> 은행채
A70: 46316 | B70: KR620549AD84 | C70: 20549A | D70: 하나카드242-6 | E70: 0 | F70: 0.28 | G70: 0 | H70: 339066 | I70: 10144.63 | J70: 1.7462 | K70: =_xll.IMDP("BND",B70,K8,B3) -> 20280824 | L70: =_xll.IMDP("BND",B70,L8,B3) -> 4.349 | M70: =_xll.IMDP("BND",B70,M8,B3) -> 금융채 | N70: =_xll.IMDP("BND",B70,N8,B3) -> 카드 | Y70: =_xll.IMDP("BND",P70,Y8,P3) -> 입력오류 | Z70: =_xll.IMDP("BND",P70,Z8,P3) -> 입력오류 | AA70: =_xll.IMDP("BND",P70,AA8,P3) -> 입력오류 | AB70: =_xll.IMDP("BND",P70,AB8,P3) -> 입력오류 | AM70: =_xll.IMDP("BND",AD70,AM8,AD3) -> 입력오류 | AN70: =_xll.IMDP("BND",AD70,AN8,AD3) -> 입력오류 | AO70: =_xll.IMDP("BND",AD70,AO8,AD3) -> 입력오류 | AP70: =_xll.IMDP("BND",AD70,AP8,AD3) -> 입력오류 | BA70: =_xll.IMDP("BND",AR70,BA8,AR3) -> 입력오류 | BB70: =_xll.IMDP("BND",AR70,BB8,AR3) -> 입력오류 | BC70: =_xll.IMDP("BND",AR70,BC8,AR3) -> 입력오류 | BD70: =_xll.IMDP("BND",AR70,BD8,AR3) -> 입력오류 | BO70: =_xll.IMDP("BND",BF70,BO8,BF3) -> 입력오류 | BP70: =_xll.IMDP("BND",BF70,BP8,BF3) -> 입력오류 | BQ70: =_xll.IMDP("BND",BF70,BQ8,BF3) -> 입력오류 | BR70: =_xll.IMDP("BND",BF70,BR8,BF3) -> 입력오류 | BS70: 46316 | BT70: KR310213GG47 | BU70: 10213G | BV70: 산업금융채권 26신이0300-0420-2 | BW70: 0 | BX70: 0.59 | BY70: 0 | BZ70: 849238 | CA70: 9879.61 | CB70: 2.3761 | CC70: =_xll.IMDP("BND",BT70,CC8,BT3) -> 20290420 | CD70: =_xll.IMDP("BND",BT70,CD8,BT3) -> 4.093 | CE70: =_xll.IMDP("BND",BT70,CE8,BT3) -> 금융채 | CF70: =_xll.IMDP("BND",BT70,CF8,BT3) -> 은행채 | CG70: 46316 | CH70: KR601980KE12 | CI70: 01980K | CJ70: 하나캐피탈418-5 | CK70: 0 | CL70: 0.79 | CM70: 0 | CN70: 998708 | CO70: 10018.89 | CP70: 0.2344 | CQ70: =_xll.IMDP("BND",CH70,CQ8,CH3) -> 20270115 | CR70: =_xll.IMDP("BND",CH70,CR8,CH3) -> 3.568 | CS70: =_xll.IMDP("BND",CH70,CS8,CH3) -> 금융채 | CT70: =_xll.IMDP("BND",CH70,CT8,CH3) -> 기타금융채 | DE70: =_xll.IMDP("BND",CV70,DE8,CV3) -> 입력오류 | DF70: =_xll.IMDP("BND",CV70,DF8,CV3) -> 입력오류 | DG70: =_xll.IMDP("BND",CV70,DG8,CV3) -> 입력오류 | DH70: =_xll.IMDP("BND",CV70,DH8,CV3) -> 입력오류 | DI70: 46316 | DJ70: KR6032712G90 | DK70: 032712 | DL70: 신한카드2303-2 | DM70: 0 | DN70: 0.3 | DO70: 0 | DP70: 480098 | DQ70: 10059.79 | DR70: 2.9656 | DS70: =_xll.IMDP("BND",DJ70,DS8,DJ3) -> 20300107 | DT70: =_xll.IMDP("BND",DJ70,DT8,DJ3) -> 4.424 | DU70: =_xll.IMDP("BND",DJ70,DU8,DJ3) -> 금융채 | DV70: =_xll.IMDP("BND",DJ70,DV8,DJ3) -> 카드 | EG70: =_xll.IMDP("BND",DX70,EG8,DX3) -> 입력오류 | EH70: =_xll.IMDP("BND",DX70,EH8,DX3) -> 입력오류 | EI70: =_xll.IMDP("BND",DX70,EI8,DX3) -> 입력오류 | EJ70: =_xll.IMDP("BND",DX70,EJ8,DX3) -> 입력오류 | EK70: 46316 | EL70: KR101501DF78 | EM70: 01501D | EN70: 국민주택1종채권25-07 | EO70: 0 | EP70: 0.93 | EQ70: 0 | ER70: 2125939 | ES70: 9073.84 | ET70: 3.6331 | EU70: =_xll.IMDP("BND",EL70,EU8,EL3) -> 20300731 | EV70: =_xll.IMDP("BND",EL70,EV8,EL3) -> 3.965 | EW70: =_xll.IMDP("BND",EL70,EW8,EL3) -> 국채 | EX70: =_xll.IMDP("BND",EL70,EX8,EL3) -> 국민주택채권
